{"stats":{"minecraft:killed_by":{"minecraft:creeper":1,"minecraft:zombie":2,"minecraft:skeleton":2},"minecraft:picked_up":{"minecraft:iron_chestplate":10,"minecraft:wheat":32,"minecraft:nether_brick_fence":4,"minecraft:lead":2,"minecraft:diamond_sword":1,"minecraft:potion":1,"minecraft:enchanted_book":1,"minecraft:golden_sword":1,"minecraft:amethyst_block":5,"minecraft:string":53,"minecraft:raw_copper":26,"minecraft:iron_leggings":7,"minecraft:shroomlight":1,"minecraft:gold_nugget":50,"minecraft:cobbled_deepslate":244,"minecraft:bucket":9,"minecraft:cobblestone_slab":5,"minecraft:calcite":11,"minecraft:iron_pickaxe":14,"minecraft:melon_slice":199,"minecraft:furnace":31,"minecraft:iron_boots":7,"minecraft:golden_helmet":2,"minecraft:stick":53,"minecraft:torch":208,"minecraft:acacia_log":21,"minecraft:porkchop":33,"minecraft:diorite":126,"minecraft:golden_chestplate":1,"minecraft:orange_bed":4,"minecraft:rotten_flesh":87,"minecraft:tropical_fish":1,"minecraft:blaze_rod":16,"minecraft:obsidian":6,"minecraft:cobblestone":3613,"minecraft:enchanting_table":1,"minecraft:feather":3,"minecraft:cooked_beef":20,"minecraft:water_bucket":5,"minecraft:andesite":39,"minecraft:black_bed":1,"minecraft:golden_leggings":1,"minecraft:potato":268,"minecraft:tuff":243,"minecraft:acacia_boat":3,"minecraft:map":8,"minecraft:lapis_lazuli":5,"minecraft:dirt":363,"minecraft:name_tag":5,"minecraft:leather_boots":1,"minecraft:bone":91,"minecraft:acacia_planks":456,"minecraft:bow":8,"minecraft:wheat_seeds":124,"minecraft:raw_gold":22,"minecraft:moss_block":2,"minecraft:oak_planks":278,"minecraft:cooked_porkchop":92,"minecraft:poisonous_potato":2,"minecraft:sand":300,"minecraft:spectral_arrow":51,"minecraft:mossy_cobblestone":22,"minecraft:diamond":46,"minecraft:crossbow":3,"minecraft:granite":33,"minecraft:golden_apple":1,"minecraft:emerald":3,"minecraft:golden_horse_armor":3,"minecraft:bread":384,"minecraft:oak_sapling":23,"minecraft:netherrack":324,"minecraft:dark_oak_fence":14,"minecraft:diamond_pickaxe":2,"minecraft:crafting_table":48,"minecraft:chicken":7,"minecraft:nether_wart":65,"minecraft:shield":10,"minecraft:moss_carpet":1,"minecraft:iron_axe":4,"minecraft:flint_and_steel":3,"minecraft:cracked_stone_bricks":1,"minecraft:beef":58,"minecraft:oak_boat":11,"minecraft:iron_nugget":67,"minecraft:chest":2,"minecraft:lectern":133,"minecraft:sugar_cane":65,"minecraft:egg":11,"minecraft:raw_iron":512,"minecraft:sandstone":1,"minecraft:copper_ingot":1,"minecraft:fire_charge":1,"minecraft:stone_button":1,"minecraft:redstone":129,"minecraft:iron_horse_armor":1,"minecraft:tnt":9,"minecraft:arrow":37,"minecraft:weeping_vines":1,"minecraft:stone_shovel":3,"minecraft:nether_bricks":10,"minecraft:hay_block":171,"minecraft:saddle":4,"minecraft:gold_ingot":7,"minecraft:glow_berries":2,"minecraft:mutton":99,"minecraft:white_wool":79,"minecraft:leather":26,"minecraft:filled_map":2,"minecraft:oak_log":254,"minecraft:golden_boots":1,"minecraft:nether_wart_block":1,"minecraft:gunpowder":35,"minecraft:cobblestone_stairs":6,"minecraft:white_banner":1,"minecraft:cooked_mutton":36,"minecraft:smooth_sandstone":2,"minecraft:apple":4,"minecraft:kelp":65,"minecraft:heart_of_the_sea":1,"minecraft:iron_ingot":324,"minecraft:stone_pickaxe":5,"minecraft:cooked_chicken":4,"minecraft:iron_sword":8,"minecraft:acacia_sapling":4,"minecraft:soul_sand":20,"minecraft:book":38,"minecraft:oak_slab":7,"minecraft:smooth_basalt":12,"minecraft:chiseled_stone_bricks":2,"minecraft:dandelion":1,"minecraft:gravel":60,"minecraft:lava_bucket":5,"minecraft:blast_furnace":2,"minecraft:white_bed":18,"minecraft:spider_eye":11,"minecraft:polished_diorite":1,"minecraft:stone_axe":1,"minecraft:iron_helmet":10,"minecraft:gray_wool":1,"minecraft:baked_potato":26,"minecraft:melon_seeds":5,"minecraft:black_wool":1,"minecraft:coal":332,"minecraft:hopper":2},"minecraft:custom":{"minecraft:open_barrel":3,"minecraft:interact_with_crafting_table":172,"minecraft:leave_game":12,"minecraft:time_since_death":45647,"minecraft:sprint_one_cm":1757327,"minecraft:damage_blocked_by_shield":16694,"minecraft:drop":399,"minecraft:talked_to_villager":251,"minecraft:play_time":982167,"minecraft:deaths":9,"minecraft:jump":14531,"minecraft:walk_on_water_one_cm":168498,"minecraft:interact_with_furnace":272,"minecraft:sleep_in_bed":32,"minecraft:damage_dealt":61265,"minecraft:player_kills":4,"minecraft:crouch_one_cm":437586,"minecraft:horse_one_cm":226952,"minecraft:interact_with_anvil":2,"minecraft:mob_kills":511,"minecraft:inspect_hopper":5,"minecraft:climb_one_cm":458,"minecraft:walk_one_cm":2705244,"minecraft:sneak_time":122540,"minecraft:walk_under_water_one_cm":138370,"minecraft:boat_one_cm":597467,"minecraft:interact_with_blast_furnace":3,"minecraft:total_world_time":982167,"minecraft:raid_trigger":1,"minecraft:time_since_rest":5902,"minecraft:damage_taken":15628,"minecraft:swim_one_cm":155883,"minecraft:fly_one_cm":2618561,"minecraft:open_chest":316,"minecraft:fall_one_cm":298254},"minecraft:dropped":{"minecraft:acacia_boat":1,"minecraft:iron_sword":5,"minecraft:oak_pressure_plate":1,"minecraft:warped_fungus":1,"minecraft:oak_log":9,"minecraft:baked_potato":32,"minecraft:crafting_table":1,"minecraft:cooked_porkchop":24,"minecraft:crossbow":3,"minecraft:weeping_vines":1,"minecraft:glow_berries":1,"minecraft:leather":1,"minecraft:cracked_stone_bricks":1,"minecraft:cobblestone_stairs":27,"minecraft:dirt":105,"minecraft:melon":1,"minecraft:stone_button":1,"minecraft:dark_oak_fence":14,"minecraft:mutton":5,"minecraft:crimson_roots":1,"minecraft:wooden_sword":1,"minecraft:sand":9,"minecraft:glistering_melon_slice":2,"minecraft:iron_pickaxe":11,"minecraft:white_wool":27,"minecraft:gold_ingot":3,"minecraft:bone":23,"minecraft:oak_door":6,"minecraft:gravel":42,"minecraft:stone_axe":4,"minecraft:cobbled_deepslate":6,"minecraft:wheat":4,"minecraft:obsidian":1,"minecraft:rotten_flesh":69,"minecraft:oak_planks":160,"minecraft:cooked_mutton":31,"minecraft:nether_brick_fence":1,"minecraft:chiseled_stone_bricks":2,"minecraft:oak_fence_gate":1,"minecraft:leather_chestplate":2,"minecraft:gunpowder":11,"minecraft:melon_seeds":23,"minecraft:acacia_sapling":2,"minecraft:white_dye":3,"minecraft:arrow":11,"minecraft:beef":21,"minecraft:crying_obsidian":2,"minecraft:egg":2,"minecraft:golden_boots":1,"minecraft:water_bucket":1,"minecraft:iron_ingot":24,"minecraft:bread":201,"minecraft:oak_slab":94,"minecraft:wheat_seeds":497,"minecraft:mossy_cobblestone":22,"minecraft:poisonous_potato":2,"minecraft:iron_helmet":7,"minecraft:feather":3,"minecraft:oak_fence":3,"minecraft:cobblestone":72,"minecraft:book":21,"minecraft:spectral_arrow":68,"minecraft:amethyst_block":4,"minecraft:apple":2,"minecraft:granite":27,"minecraft:copper_ingot":1,"minecraft:tropical_fish":1,"minecraft:coal":10,"minecraft:golden_apple":1,"minecraft:stick":20,"minecraft:gray_wool":3,"minecraft:diorite":42,"minecraft:torch":27,"minecraft:melon_slice":122,"minecraft:map":5,"minecraft:iron_leggings":3,"minecraft:iron_axe":3,"minecraft:iron_shovel":1,"minecraft:string":30,"minecraft:smooth_sandstone":2,"minecraft:bucket":11,"minecraft:acacia_planks":55,"minecraft:stone_brick_slab":3,"minecraft:dandelion":1,"minecraft:redstone":4,"minecraft:smooth_basalt":12,"minecraft:polished_diorite":64,"minecraft:furnace":1,"minecraft:kelp":65,"minecraft:nether_wart":1,"minecraft:stone_sword":1,"minecraft:raw_copper":19,"minecraft:tuff":60,"minecraft:raw_iron":6,"minecraft:stone_shovel":7,"minecraft:light_gray_wool":2,"minecraft:iron_boots":3,"minecraft:name_tag":1,"minecraft:oak_sign":2,"minecraft:flint_and_steel":2,"minecraft:filled_map":3,"minecraft:cobblestone_slab":22,"minecraft:shield":7,"minecraft:oak_button":14,"minecraft:iron_chestplate":7,"minecraft:diamond_pickaxe":1,"minecraft:andesite":37,"minecraft:golden_leggings":1,"minecraft:oak_sapling":4,"minecraft:spider_eye":13,"minecraft:bow":5,"minecraft:stone_pickaxe":6,"minecraft:wooden_pickaxe":3,"minecraft:calcite":7,"minecraft:black_wool":1},"minecraft:killed":{"minecraft:cave_spider":4,"minecraft:witch":1,"minecraft:spider":33,"minecraft:skeleton":48,"minecraft:chicken":3,"minecraft:pig":15,"minecraft:zombie_villager":2,"minecraft:iron_golem":1,"minecraft:creeper":12,"minecraft:sheep":60,"minecraft:pillager":11,"minecraft:zombie":245,"minecraft:blaze":28,"minecraft:cow":26,"minecraft:vindicator":1,"minecraft:phantom":3,"minecraft:drowned":6,"minecraft:husk":4,"minecraft:hoglin":1,"minecraft:wither_skeleton":1,"minecraft:villager":1,"minecraft:enderman":2},"minecraft:used":{"minecraft:moss_block":2,"minecraft:moss_carpet":1,"minecraft:oak_sign":4,"minecraft:chest":10,"minecraft:shield":375,"minecraft:stone":341,"minecraft:iron_sword":222,"minecraft:rotten_flesh":2,"minecraft:iron_chestplate":1,"minecraft:soul_sand":1,"minecraft:nether_bricks":10,"minecraft:acacia_sapling":2,"minecraft:tuff":96,"minecraft:axolotl_bucket":2,"minecraft:glass":20,"minecraft:lava_bucket":50,"minecraft:iron_helmet":2,"minecraft:bow":23,"minecraft:hay_block":1,"minecraft:oak_sapling":21,"minecraft:furnace":27,"minecraft:egg":13,"minecraft:potato":117,"minecraft:diorite":20,"minecraft:oak_planks":217,"minecraft:stone_pickaxe":519,"minecraft:wooden_pickaxe":23,"minecraft:sandstone":1,"minecraft:composter":1,"minecraft:glow_berries":1,"minecraft:blast_furnace":2,"minecraft:black_bed":1,"minecraft:melon_slice":77,"minecraft:bread":197,"minecraft:lectern":134,"minecraft:gravel":17,"minecraft:nether_wart_block":1,"minecraft:andesite":2,"minecraft:oak_boat":14,"minecraft:bone_meal":51,"minecraft:experience_bottle":1,"minecraft:oak_fence":3,"minecraft:enchanting_table":2,"minecraft:acacia_log":3,"minecraft:flint_and_steel":69,"minecraft:stone_shovel":588,"minecraft:cooked_chicken":2,"minecraft:stone_hoe":24,"minecraft:netherrack":155,"minecraft:orange_bed":3,"minecraft:torch":245,"minecraft:dirt":84,"minecraft:hopper":2,"minecraft:granite":6,"minecraft:polished_diorite":1,"minecraft:bookshelf":13,"minecraft:iron_axe":1582,"minecraft:iron_boots":2,"minecraft:melon_seeds":1,"minecraft:cobbled_deepslate":52,"minecraft:acacia_planks":9,"minecraft:iron_leggings":1,"minecraft:calcite":4,"minecraft:wheat_seeds":43,"minecraft:cooked_mutton":17,"minecraft:acacia_boat":2,"minecraft:water_bucket":278,"minecraft:amethyst_block":1,"minecraft:baked_potato":28,"minecraft:cobblestone_slab":8,"minecraft:oak_slab":83,"minecraft:crafting_table":52,"minecraft:white_bed":16,"minecraft:oak_log":1,"minecraft:diamond_pickaxe":6,"minecraft:apple":5,"minecraft:acacia_sign":3,"minecraft:chicken":1,"minecraft:iron_pickaxe":4419,"minecraft:map":1,"minecraft:stone_axe":207,"minecraft:cobblestone":2827,"minecraft:cooked_porkchop":9,"minecraft:bucket":328},"minecraft:crafted":{"minecraft:oak_planks":784,"minecraft:cobblestone_slab":6,"minecraft:oak_sign":6,"minecraft:cooked_chicken":6,"minecraft:stone":215,"minecraft:bookshelf":14,"minecraft:cooked_mutton":40,"minecraft:glass":128,"minecraft:hopper":1,"minecraft:bow":4,"minecraft:iron_boots":4,"minecraft:chest":9,"minecraft:stone_hoe":1,"minecraft:oak_fence":6,"minecraft:golden_boots":1,"minecraft:oak_slab":162,"minecraft:cooked_porkchop":18,"minecraft:crafting_table":10,"minecraft:iron_helmet":5,"minecraft:wooden_pickaxe":3,"minecraft:baked_potato":56,"minecraft:lectern":1,"minecraft:book":14,"minecraft:iron_chestplate":5,"minecraft:paper":42,"minecraft:diamond_pickaxe":1,"minecraft:shield":13,"minecraft:stick":156,"minecraft:iron_ingot":339,"minecraft:iron_pickaxe":22,"minecraft:gold_ingot":14,"minecraft:composter":1,"minecraft:stone_shovel":7,"minecraft:furnace":9,"minecraft:bone_meal":51,"minecraft:flint_and_steel":2,"minecraft:polished_diorite":64,"minecraft:iron_axe":11,"minecraft:stone_pickaxe":6,"minecraft:wheat":1314,"minecraft:cooked_beef":11,"minecraft:enchanting_table":1,"minecraft:iron_sword":2,"minecraft:bucket":4,"minecraft:stone_axe":6,"minecraft:air":0,"minecraft:bread":448,"minecraft:oak_fence_gate":1,"minecraft:oak_boat":4,"minecraft:acacia_sign":3,"minecraft:iron_shovel":1,"minecraft:iron_leggings":3,"minecraft:white_bed":2,"minecraft:acacia_planks":72,"minecraft:torch":128},"minecraft:broken":{"minecraft:stone_pickaxe":3,"minecraft:stone_axe":2,"minecraft:iron_sword":1,"minecraft:stone_shovel":3,"minecraft:flint_and_steel":1,"minecraft:shield":4,"minecraft:iron_axe":5,"minecraft:iron_pickaxe":15},"minecraft:mined":{"minecraft:white_bed":15,"minecraft:attached_melon_stem":2,"minecraft:oak_sapling":3,"minecraft:cobblestone_stairs":6,"minecraft:obsidian":5,"minecraft:cave_vines_plant":1,"minecraft:granite":6,"minecraft:acacia_log":21,"minecraft:grass_block":138,"minecraft:polished_diorite":1,"minecraft:hopper":1,"minecraft:nether_wart":40,"minecraft:chiseled_stone_bricks":2,"minecraft:spawner":3,"minecraft:weeping_vines_plant":5,"minecraft:iron_ore":322,"minecraft:cobbled_deepslate":24,"minecraft:fire":85,"minecraft:enchanting_table":1,"minecraft:dirt_path":11,"minecraft:orange_bed":3,"minecraft:deepslate_redstone_ore":14,"minecraft:kelp_plant":8,"minecraft:melon_stem":1,"minecraft:crimson_nylium":3,"minecraft:torch":70,"minecraft:blast_furnace":2,"minecraft:calcite":11,"minecraft:melon":42,"minecraft:chest":4,"minecraft:dead_bush":1,"minecraft:glass":2,"minecraft:cobblestone":1508,"minecraft:oak_planks":168,"minecraft:sugar_cane":37,"minecraft:wall_torch":44,"minecraft:amethyst_block":5,"minecraft:seagrass":1,"minecraft:nether_wart_block":1,"minecraft:wheat":45,"minecraft:black_bed":1,"minecraft:grass":240,"minecraft:oak_log":252,"minecraft:sand":285,"minecraft:dirt":104,"minecraft:smooth_basalt":12,"minecraft:acacia_sign":1,"minecraft:netherrack":331,"minecraft:deepslate":210,"minecraft:oak_leaves":51,"minecraft:nether_gold_ore":10,"minecraft:diamond_ore":2,"minecraft:tuff":251,"minecraft:mossy_cobblestone":18,"minecraft:deepslate_diamond_ore":23,"minecraft:nether_bricks":10,"minecraft:dark_oak_fence":12,"minecraft:weeping_vines":2,"minecraft:kelp":1,"minecraft:moss_block":2,"minecraft:sandstone":1,"minecraft:hay_block":171,"minecraft:furnace":24,"minecraft:andesite":39,"minecraft:nether_brick_fence":4,"minecraft:bookshelf":8,"minecraft:potatoes":94,"minecraft:deepslate_iron_ore":59,"minecraft:shroomlight":1,"minecraft:cobblestone_slab":5,"minecraft:stone":1697,"minecraft:oak_slab":5,"minecraft:acacia_leaves":18,"minecraft:soul_sand":10,"minecraft:oak_fence":2,"minecraft:smooth_sandstone":2,"minecraft:crafting_table":44,"minecraft:lectern":132,"minecraft:copper_ore":8,"minecraft:tall_grass":31,"minecraft:lapis_ore":1,"minecraft:diorite":137,"minecraft:coal_ore":116,"minecraft:gravel":20,"minecraft:cracked_stone_bricks":1,"minecraft:acacia_planks":301,"minecraft:gold_ore":21,"minecraft:fern":1}},"DataVersion":2975}