{"stats":{"minecraft:killed_by":{"minecraft:creeper":1,"minecraft:zombie":2,"minecraft:skeleton":2},"minecraft:picked_up":{"minecraft:iron_chestplate":9,"minecraft:wheat":32,"minecraft:nether_brick_fence":4,"minecraft:lead":2,"minecraft:diamond_sword":1,"minecraft:enchanted_book":1,"minecraft:amethyst_block":5,"minecraft:string":53,"minecraft:raw_copper":26,"minecraft:iron_leggings":6,"minecraft:shroomlight":1,"minecraft:gold_nugget":43,"minecraft:cobbled_deepslate":97,"minecraft:bucket":4,"minecraft:cobblestone_slab":3,"minecraft:calcite":11,"minecraft:iron_pickaxe":13,"minecraft:melon_slice":199,"minecraft:furnace":30,"minecraft:iron_boots":6,"minecraft:stick":51,"minecraft:torch":141,"minecraft:acacia_log":21,"minecraft:porkchop":33,"minecraft:diorite":126,"minecraft:orange_bed":4,"minecraft:rotten_flesh":79,"minecraft:tropical_fish":1,"minecraft:blaze_rod":16,"minecraft:obsidian":6,"minecraft:cobblestone":3484,"minecraft:feather":3,"minecraft:cooked_beef":20,"minecraft:water_bucket":3,"minecraft:andesite":39,"minecraft:black_bed":1,"minecraft:potato":209,"minecraft:tuff":32,"minecraft:acacia_boat":3,"minecraft:map":8,"minecraft:lapis_lazuli":5,"minecraft:dirt":362,"minecraft:name_tag":5,"minecraft:bone":91,"minecraft:acacia_planks":456,"minecraft:bow":8,"minecraft:wheat_seeds":124,"minecraft:raw_gold":22,"minecraft:moss_block":2,"minecraft:oak_planks":278,"minecraft:cooked_porkchop":69,"minecraft:poisonous_potato":2,"minecraft:sand":300,"minecraft:spectral_arrow":51,"minecraft:diamond":35,"minecraft:crossbow":3,"minecraft:granite":33,"minecraft:golden_apple":1,"minecraft:emerald":3,"minecraft:golden_horse_armor":3,"minecraft:bread":320,"minecraft:dark_oak_fence":14,"minecraft:oak_sapling":21,"minecraft:netherrack":324,"minecraft:diamond_pickaxe":2,"minecraft:crafting_table":38,"minecraft:chicken":7,"minecraft:nether_wart":65,"minecraft:shield":9,"minecraft:flint_and_steel":2,"minecraft:moss_carpet":1,"minecraft:iron_axe":3,"minecraft:beef":21,"minecraft:oak_boat":8,"minecraft:sugar_cane":12,"minecraft:lectern":133,"minecraft:chest":2,"minecraft:egg":11,"minecraft:raw_iron":512,"minecraft:sandstone":1,"minecraft:copper_ingot":1,"minecraft:fire_charge":1,"minecraft:stone_button":1,"minecraft:redstone":129,"minecraft:iron_horse_armor":1,"minecraft:tnt":9,"minecraft:arrow":37,"minecraft:weeping_vines":1,"minecraft:stone_shovel":3,"minecraft:nether_bricks":10,"minecraft:hay_block":147,"minecraft:saddle":4,"minecraft:gold_ingot":7,"minecraft:glow_berries":2,"minecraft:mutton":94,"minecraft:white_wool":76,"minecraft:leather":16,"minecraft:filled_map":1,"minecraft:oak_log":209,"minecraft:nether_wart_block":1,"minecraft:gunpowder":35,"minecraft:cobblestone_stairs":6,"minecraft:cooked_mutton":25,"minecraft:smooth_sandstone":2,"minecraft:apple":4,"minecraft:kelp":65,"minecraft:iron_ingot":289,"minecraft:stone_pickaxe":5,"minecraft:cooked_chicken":4,"minecraft:iron_sword":6,"minecraft:acacia_sapling":4,"minecraft:soul_sand":20,"minecraft:book":25,"minecraft:oak_slab":7,"minecraft:smooth_basalt":12,"minecraft:dandelion":1,"minecraft:gravel":29,"minecraft:lava_bucket":5,"minecraft:blast_furnace":2,"minecraft:white_bed":13,"minecraft:spider_eye":11,"minecraft:polished_diorite":1,"minecraft:stone_axe":1,"minecraft:iron_helmet":9,"minecraft:gray_wool":1,"minecraft:baked_potato":22,"minecraft:melon_seeds":5,"minecraft:black_wool":1,"minecraft:coal":330,"minecraft:hopper":1},"minecraft:custom":{"minecraft:interact_with_crafting_table":148,"minecraft:leave_game":11,"minecraft:time_since_death":29836,"minecraft:sprint_one_cm":1637670,"minecraft:damage_blocked_by_shield":16614,"minecraft:drop":356,"minecraft:talked_to_villager":244,"minecraft:play_time":871198,"minecraft:deaths":8,"minecraft:jump":13414,"minecraft:walk_on_water_one_cm":127451,"minecraft:interact_with_furnace":268,"minecraft:sleep_in_bed":22,"minecraft:damage_dealt":56688,"minecraft:player_kills":4,"minecraft:crouch_one_cm":393351,"minecraft:horse_one_cm":226952,"minecraft:mob_kills":328,"minecraft:climb_one_cm":458,"minecraft:walk_one_cm":2517502,"minecraft:sneak_time":110413,"minecraft:walk_under_water_one_cm":76627,"minecraft:boat_one_cm":500509,"minecraft:interact_with_blast_furnace":1,"minecraft:total_world_time":871198,"minecraft:raid_trigger":1,"minecraft:time_since_rest":8872,"minecraft:damage_taken":12885,"minecraft:swim_one_cm":140405,"minecraft:fly_one_cm":2424637,"minecraft:open_chest":253,"minecraft:fall_one_cm":258107},"minecraft:dropped":{"minecraft:acacia_boat":1,"minecraft:iron_sword":5,"minecraft:oak_pressure_plate":1,"minecraft:oak_log":9,"minecraft:baked_potato":32,"minecraft:cooked_porkchop":24,"minecraft:crossbow":3,"minecraft:weeping_vines":1,"minecraft:glow_berries":1,"minecraft:leather":1,"minecraft:cobblestone_stairs":27,"minecraft:dirt":105,"minecraft:melon":1,"minecraft:dark_oak_fence":14,"minecraft:stone_button":1,"minecraft:crimson_roots":1,"minecraft:wooden_sword":1,"minecraft:sand":9,"minecraft:glistering_melon_slice":2,"minecraft:iron_pickaxe":10,"minecraft:white_wool":27,"minecraft:gold_ingot":3,"minecraft:bone":22,"minecraft:oak_door":6,"minecraft:gravel":7,"minecraft:stone_axe":3,"minecraft:cobbled_deepslate":6,"minecraft:wheat":4,"minecraft:obsidian":1,"minecraft:rotten_flesh":67,"minecraft:oak_planks":160,"minecraft:cooked_mutton":31,"minecraft:nether_brick_fence":1,"minecraft:oak_fence_gate":1,"minecraft:leather_chestplate":1,"minecraft:gunpowder":10,"minecraft:melon_seeds":23,"minecraft:acacia_sapling":2,"minecraft:white_dye":3,"minecraft:arrow":10,"minecraft:egg":2,"minecraft:golden_boots":1,"minecraft:water_bucket":1,"minecraft:iron_ingot":24,"minecraft:bread":201,"minecraft:oak_slab":94,"minecraft:wheat_seeds":436,"minecraft:poisonous_potato":2,"minecraft:iron_helmet":7,"minecraft:oak_fence":2,"minecraft:feather":3,"minecraft:cobblestone":67,"minecraft:book":21,"minecraft:spectral_arrow":68,"minecraft:amethyst_block":4,"minecraft:apple":2,"minecraft:granite":27,"minecraft:copper_ingot":1,"minecraft:tropical_fish":1,"minecraft:coal":10,"minecraft:golden_apple":1,"minecraft:stick":20,"minecraft:gray_wool":1,"minecraft:diorite":42,"minecraft:torch":27,"minecraft:melon_slice":122,"minecraft:map":4,"minecraft:iron_leggings":3,"minecraft:iron_axe":3,"minecraft:iron_shovel":1,"minecraft:string":30,"minecraft:smooth_sandstone":2,"minecraft:bucket":5,"minecraft:acacia_planks":55,"minecraft:redstone":4,"minecraft:dandelion":1,"minecraft:smooth_basalt":12,"minecraft:polished_diorite":64,"minecraft:kelp":1,"minecraft:nether_wart":1,"minecraft:stone_sword":1,"minecraft:raw_copper":19,"minecraft:tuff":20,"minecraft:raw_iron":6,"minecraft:stone_shovel":7,"minecraft:iron_boots":3,"minecraft:name_tag":1,"minecraft:flint_and_steel":2,"minecraft:filled_map":2,"minecraft:cobblestone_slab":22,"minecraft:shield":7,"minecraft:iron_chestplate":7,"minecraft:diamond_pickaxe":1,"minecraft:andesite":37,"minecraft:golden_leggings":1,"minecraft:oak_sapling":3,"minecraft:spider_eye":13,"minecraft:bow":5,"minecraft:stone_pickaxe":6,"minecraft:wooden_pickaxe":3,"minecraft:calcite":7,"minecraft:black_wool":1},"minecraft:killed":{"minecraft:cave_spider":4,"minecraft:witch":1,"minecraft:spider":33,"minecraft:skeleton":48,"minecraft:chicken":2,"minecraft:pig":15,"minecraft:zombie_villager":2,"minecraft:iron_golem":1,"minecraft:creeper":11,"minecraft:sheep":57,"minecraft:pillager":7,"minecraft:zombie":87,"minecraft:cow":11,"minecraft:blaze":28,"minecraft:vindicator":1,"minecraft:phantom":3,"minecraft:drowned":6,"minecraft:husk":4,"minecraft:hoglin":1,"minecraft:wither_skeleton":1,"minecraft:villager":1,"minecraft:enderman":2},"minecraft:used":{"minecraft:moss_block":2,"minecraft:moss_carpet":1,"minecraft:chest":7,"minecraft:shield":373,"minecraft:stone":341,"minecraft:iron_sword":159,"minecraft:rotten_flesh":2,"minecraft:iron_chestplate":1,"minecraft:nether_bricks":10,"minecraft:acacia_sapling":2,"minecraft:tuff":6,"minecraft:axolotl_bucket":2,"minecraft:glass":20,"minecraft:lava_bucket":50,"minecraft:iron_helmet":2,"minecraft:bow":23,"minecraft:hay_block":1,"minecraft:oak_sapling":19,"minecraft:furnace":27,"minecraft:egg":13,"minecraft:potato":94,"minecraft:diorite":20,"minecraft:oak_planks":187,"minecraft:stone_pickaxe":519,"minecraft:wooden_pickaxe":23,"minecraft:sandstone":1,"minecraft:composter":1,"minecraft:glow_berries":1,"minecraft:blast_furnace":2,"minecraft:black_bed":1,"minecraft:melon_slice":77,"minecraft:bread":189,"minecraft:lectern":134,"minecraft:gravel":17,"minecraft:nether_wart_block":1,"minecraft:andesite":2,"minecraft:oak_boat":11,"minecraft:bone_meal":51,"minecraft:experience_bottle":1,"minecraft:oak_fence":1,"minecraft:enchanting_table":1,"minecraft:acacia_log":3,"minecraft:flint_and_steel":63,"minecraft:stone_shovel":588,"minecraft:cooked_chicken":2,"minecraft:stone_hoe":24,"minecraft:netherrack":155,"minecraft:orange_bed":3,"minecraft:torch":192,"minecraft:dirt":83,"minecraft:granite":6,"minecraft:polished_diorite":1,"minecraft:iron_axe":1417,"minecraft:iron_boots":2,"minecraft:melon_seeds":1,"minecraft:acacia_planks":9,"minecraft:cobbled_deepslate":22,"minecraft:iron_leggings":1,"minecraft:calcite":4,"minecraft:wheat_seeds":43,"minecraft:cooked_mutton":17,"minecraft:acacia_boat":2,"minecraft:water_bucket":242,"minecraft:amethyst_block":1,"minecraft:baked_potato":13,"minecraft:cobblestone_slab":1,"minecraft:oak_slab":83,"minecraft:crafting_table":43,"minecraft:white_bed":11,"minecraft:oak_log":1,"minecraft:diamond_pickaxe":6,"minecraft:apple":5,"minecraft:acacia_sign":3,"minecraft:chicken":1,"minecraft:iron_pickaxe":3859,"minecraft:map":1,"minecraft:stone_axe":207,"minecraft:cobblestone":2650,"minecraft:cooked_porkchop":9,"minecraft:bucket":294},"minecraft:crafted":{"minecraft:oak_planks":604,"minecraft:cobblestone_slab":6,"minecraft:cooked_chicken":6,"minecraft:stone":215,"minecraft:bookshelf":1,"minecraft:cooked_mutton":40,"minecraft:hopper":1,"minecraft:glass":128,"minecraft:bow":4,"minecraft:iron_boots":4,"minecraft:chest":7,"minecraft:stone_hoe":1,"minecraft:oak_fence":3,"minecraft:golden_boots":1,"minecraft:oak_slab":162,"minecraft:cooked_porkchop":18,"minecraft:crafting_table":9,"minecraft:iron_helmet":5,"minecraft:wooden_pickaxe":3,"minecraft:baked_potato":56,"minecraft:lectern":1,"minecraft:iron_chestplate":5,"minecraft:diamond_pickaxe":1,"minecraft:shield":12,"minecraft:stick":148,"minecraft:iron_ingot":339,"minecraft:iron_pickaxe":21,"minecraft:gold_ingot":14,"minecraft:composter":1,"minecraft:stone_shovel":7,"minecraft:furnace":9,"minecraft:bone_meal":51,"minecraft:flint_and_steel":2,"minecraft:polished_diorite":64,"minecraft:iron_axe":10,"minecraft:stone_pickaxe":6,"minecraft:wheat":1314,"minecraft:cooked_beef":11,"minecraft:enchanting_table":1,"minecraft:iron_sword":1,"minecraft:bucket":4,"minecraft:stone_axe":6,"minecraft:air":0,"minecraft:bread":448,"minecraft:oak_fence_gate":1,"minecraft:oak_boat":3,"minecraft:acacia_sign":3,"minecraft:iron_shovel":1,"minecraft:iron_leggings":3,"minecraft:white_bed":1,"minecraft:acacia_planks":72,"minecraft:torch":128},"minecraft:broken":{"minecraft:stone_pickaxe":3,"minecraft:stone_axe":2,"minecraft:stone_shovel":3,"minecraft:flint_and_steel":1,"minecraft:shield":4,"minecraft:iron_axe":5,"minecraft:iron_pickaxe":13},"minecraft:mined":{"minecraft:attached_melon_stem":2,"minecraft:white_bed":10,"minecraft:oak_sapling":3,"minecraft:cobblestone_stairs":6,"minecraft:obsidian":5,"minecraft:cave_vines_plant":1,"minecraft:granite":6,"minecraft:acacia_log":21,"minecraft:grass_block":138,"minecraft:polished_diorite":1,"minecraft:nether_wart":40,"minecraft:spawner":3,"minecraft:weeping_vines_plant":5,"minecraft:iron_ore":322,"minecraft:cobbled_deepslate":1,"minecraft:fire":79,"minecraft:dirt_path":11,"minecraft:orange_bed":3,"minecraft:deepslate_redstone_ore":14,"minecraft:kelp_plant":7,"minecraft:melon_stem":1,"minecraft:crimson_nylium":3,"minecraft:torch":32,"minecraft:blast_furnace":2,"minecraft:calcite":11,"minecraft:melon":42,"minecraft:chest":4,"minecraft:dead_bush":1,"minecraft:glass":2,"minecraft:cobblestone":1382,"minecraft:sugar_cane":12,"minecraft:oak_planks":167,"minecraft:wall_torch":34,"minecraft:amethyst_block":5,"minecraft:seagrass":1,"minecraft:nether_wart_block":1,"minecraft:wheat":44,"minecraft:black_bed":1,"minecraft:grass":239,"minecraft:oak_log":207,"minecraft:sand":285,"minecraft:dirt":103,"minecraft:smooth_basalt":12,"minecraft:acacia_sign":1,"minecraft:netherrack":331,"minecraft:oak_leaves":50,"minecraft:deepslate":84,"minecraft:nether_gold_ore":10,"minecraft:diamond_ore":2,"minecraft:tuff":33,"minecraft:deepslate_diamond_ore":12,"minecraft:dark_oak_fence":12,"minecraft:nether_bricks":10,"minecraft:weeping_vines":2,"minecraft:kelp":1,"minecraft:sandstone":1,"minecraft:moss_block":2,"minecraft:hay_block":147,"minecraft:furnace":23,"minecraft:andesite":39,"minecraft:nether_brick_fence":4,"minecraft:bookshelf":8,"minecraft:potatoes":70,"minecraft:deepslate_iron_ore":59,"minecraft:shroomlight":1,"minecraft:cobblestone_slab":3,"minecraft:stone":1694,"minecraft:oak_slab":5,"minecraft:acacia_leaves":11,"minecraft:soul_sand":10,"minecraft:oak_fence":2,"minecraft:smooth_sandstone":2,"minecraft:crafting_table":36,"minecraft:lectern":132,"minecraft:tall_grass":29,"minecraft:copper_ore":8,"minecraft:lapis_ore":1,"minecraft:diorite":137,"minecraft:coal_ore":116,"minecraft:gravel":16,"minecraft:acacia_planks":300,"minecraft:gold_ore":21,"minecraft:fern":1}},"DataVersion":2975}