{"stats":{"minecraft:killed_by":{"minecraft:creeper":3,"minecraft:ravager":1,"minecraft:vindicator":3,"minecraft:cave_spider":1,"minecraft:zombie":3,"minecraft:player":5,"minecraft:enderman":2,"minecraft:skeleton":1,"minecraft:phantom":1},"minecraft:picked_up":{"minecraft:iron_chestplate":19,"minecraft:wheat":241,"minecraft:golden_sword":6,"minecraft:string":15,"minecraft:raw_copper":12,"minecraft:iron_leggings":7,"minecraft:activator_rail":3,"minecraft:gold_nugget":16,"minecraft:cobbled_deepslate":40,"minecraft:bucket":5,"minecraft:spruce_planks":1,"minecraft:cobblestone_slab":88,"minecraft:iron_pickaxe":21,"minecraft:melon_slice":223,"minecraft:iron_boots":14,"minecraft:golden_helmet":1,"minecraft:stick":329,"minecraft:torch":275,"minecraft:acacia_log":97,"minecraft:porkchop":6,"minecraft:golden_axe":1,"minecraft:diorite":2,"minecraft:rotten_flesh":22,"minecraft:blaze_rod":6,"minecraft:obsidian":7,"minecraft:cobblestone":3422,"minecraft:leather_chestplate":3,"minecraft:feather":8,"minecraft:magma_cream":1,"minecraft:water_bucket":3,"minecraft:andesite":12,"minecraft:brown_wool":2,"minecraft:golden_leggings":10,"minecraft:potato":29,"minecraft:flint":11,"minecraft:tuff":43,"minecraft:acacia_boat":2,"minecraft:map":2,"minecraft:lapis_lazuli":50,"minecraft:dirt":101,"minecraft:name_tag":1,"minecraft:bone":27,"minecraft:acacia_planks":307,"minecraft:bow":9,"minecraft:wheat_seeds":706,"minecraft:raw_gold":78,"minecraft:bamboo":320,"minecraft:powered_rail":4,"minecraft:oak_planks":539,"minecraft:cooked_porkchop":70,"minecraft:sand":17,"minecraft:melon":1,"minecraft:barrel":9,"minecraft:spectral_arrow":103,"minecraft:dark_oak_log":14,"minecraft:mossy_cobblestone":6,"minecraft:blue_terracotta":2,"minecraft:diamond":40,"minecraft:crossbow":8,"minecraft:golden_apple":8,"minecraft:emerald":17,"minecraft:golden_horse_armor":2,"minecraft:bread":1239,"minecraft:oak_sapling":5,"minecraft:netherrack":13,"minecraft:diamond_pickaxe":2,"minecraft:crimson_roots":1,"minecraft:crafting_table":17,"minecraft:chicken":5,"minecraft:wooden_pickaxe":1,"minecraft:gold_block":1,"minecraft:shield":21,"minecraft:cornflower":1,"minecraft:flint_and_steel":7,"minecraft:wooden_sword":1,"minecraft:iron_axe":12,"minecraft:compass":4,"minecraft:iron_shovel":5,"minecraft:blackstone":16,"minecraft:detector_rail":3,"minecraft:beef":16,"minecraft:oak_boat":14,"minecraft:iron_nugget":50,"minecraft:sugar_cane":34,"minecraft:minecart":4,"minecraft:chest":2,"minecraft:egg":9,"minecraft:raw_iron":154,"minecraft:sandstone":6,"minecraft:oak_door":2,"minecraft:fire_charge":4,"minecraft:redstone":27,"minecraft:stone_pressure_plate":2,"minecraft:iron_horse_armor":2,"minecraft:dark_oak_planks":3,"minecraft:tnt":36,"minecraft:arrow":19,"minecraft:stone_shovel":1,"minecraft:hay_block":3,"minecraft:glistering_melon_slice":3,"minecraft:saddle":4,"minecraft:gold_ingot":43,"minecraft:white_wool":19,"minecraft:glow_berries":3,"minecraft:mutton":14,"minecraft:clock":2,"minecraft:cut_sandstone":24,"minecraft:leather":21,"minecraft:birch_planks":1,"minecraft:oak_log":638,"minecraft:lily_pad":2,"minecraft:golden_boots":4,"minecraft:gunpowder":1,"minecraft:cobblestone_stairs":78,"minecraft:white_banner":5,"minecraft:orange_terracotta":5,"minecraft:cooked_mutton":108,"minecraft:apple":60,"minecraft:kelp":6,"minecraft:stone_pickaxe":15,"minecraft:iron_ingot":8,"minecraft:glass_bottle":10,"minecraft:soul_sand":5,"minecraft:acacia_sapling":1,"minecraft:iron_sword":5,"minecraft:book":4,"minecraft:oak_slab":161,"minecraft:warped_fungus":1,"minecraft:stone_brick_slab":6,"minecraft:dandelion":2,"minecraft:gravel":156,"minecraft:white_bed":27,"minecraft:crying_obsidian":2,"minecraft:spider_eye":3,"minecraft:stone_axe":9,"minecraft:iron_helmet":19,"minecraft:diamond_axe":6,"minecraft:baked_potato":25,"minecraft:black_wool":2,"minecraft:melon_seeds":24,"minecraft:coal":59},"minecraft:custom":{"minecraft:interact_with_crafting_table":58,"minecraft:bell_ring":2,"minecraft:leave_game":6,"minecraft:time_since_death":3279,"minecraft:sprint_one_cm":2378844,"minecraft:damage_blocked_by_shield":5338,"minecraft:drop":218,"minecraft:talked_to_villager":48,"minecraft:play_time":969067,"minecraft:deaths":25,"minecraft:jump":7423,"minecraft:walk_on_water_one_cm":126667,"minecraft:interact_with_furnace":21,"minecraft:interact_with_cartography_table":2,"minecraft:interact_with_loom":1,"minecraft:sleep_in_bed":33,"minecraft:damage_dealt":14463,"minecraft:crouch_one_cm":84235,"minecraft:interact_with_smoker":2,"minecraft:horse_one_cm":53271,"minecraft:mob_kills":93,"minecraft:climb_one_cm":6593,"minecraft:walk_one_cm":2961280,"minecraft:sneak_time":24028,"minecraft:walk_under_water_one_cm":121004,"minecraft:boat_one_cm":2425167,"minecraft:total_world_time":969067,"minecraft:raid_trigger":1,"minecraft:interact_with_grindstone":2,"minecraft:interact_with_stonecutter":1,"minecraft:time_since_rest":3324,"minecraft:damage_taken":15838,"minecraft:swim_one_cm":81157,"minecraft:fly_one_cm":441893,"minecraft:open_chest":198,"minecraft:fall_one_cm":129459},"minecraft:dropped":{"minecraft:iron_sword":1,"minecraft:porkchop":6,"minecraft:oak_log":31,"minecraft:crafting_table":1,"minecraft:cooked_porkchop":23,"minecraft:glow_berries":3,"minecraft:saddle":3,"minecraft:emerald":3,"minecraft:mutton":13,"minecraft:gold_nugget":7,"minecraft:sand":4,"minecraft:glistering_melon_slice":1,"minecraft:white_wool":1,"minecraft:gold_ingot":20,"minecraft:bone":12,"minecraft:gravel":75,"minecraft:sugar_cane":12,"minecraft:iron_nugget":70,"minecraft:golden_chestplate":1,"minecraft:cobbled_deepslate":8,"minecraft:obsidian":9,"minecraft:rotten_flesh":16,"minecraft:oak_planks":6,"minecraft:cooked_mutton":11,"minecraft:white_bed":1,"minecraft:gunpowder":25,"minecraft:leather_boots":1,"minecraft:chest":1,"minecraft:arrow":7,"minecraft:egg":2,"minecraft:enchanted_book":1,"minecraft:golden_boots":1,"minecraft:iron_ingot":53,"minecraft:bread":6,"minecraft:wheat_seeds":4,"minecraft:golden_helmet":2,"minecraft:tnt":9,"minecraft:golden_horse_armor":3,"minecraft:minecart":1,"minecraft:cobblestone":217,"minecraft:book":1,"minecraft:coal":2,"minecraft:golden_apple":1,"minecraft:stick":25,"minecraft:lava_bucket":5,"minecraft:diorite":1,"minecraft:fire_charge":5,"minecraft:potion":1,"minecraft:heart_of_the_sea":1,"minecraft:white_banner":4,"minecraft:iron_axe":1,"minecraft:string":15,"minecraft:redstone":2,"minecraft:dandelion":2,"minecraft:kelp":6,"minecraft:blaze_rod":6,"minecraft:bowl":1,"minecraft:raw_iron":4,"minecraft:stone_shovel":1,"minecraft:chicken":5,"minecraft:iron_boots":1,"minecraft:name_tag":1,"minecraft:flint_and_steel":1,"minecraft:filled_map":1,"minecraft:potato":8,"minecraft:hay_block":3,"minecraft:shield":1,"minecraft:orange_terracotta":1,"minecraft:spruce_planks":1,"minecraft:andesite":12,"minecraft:golden_leggings":2,"minecraft:oak_sapling":2,"minecraft:golden_sword":1,"minecraft:bamboo":161,"minecraft:stone_pickaxe":1,"minecraft:wooden_pickaxe":1,"minecraft:black_wool":1},"minecraft:killed":{"minecraft:cave_spider":1,"minecraft:witch":1,"minecraft:spider":9,"minecraft:skeleton":15,"minecraft:chicken":5,"minecraft:magma_cube":7,"minecraft:pig":2,"minecraft:sheep":9,"minecraft:pillager":15,"minecraft:donkey":1,"minecraft:zombie":14,"minecraft:blaze":5,"minecraft:vindicator":1,"minecraft:drowned":1,"minecraft:husk":3,"minecraft:wither_skeleton":1},"minecraft:used":{"minecraft:iron_shovel":101,"minecraft:chest":3,"minecraft:shield":135,"minecraft:iron_sword":18,"minecraft:tuff":5,"minecraft:obsidian":2,"minecraft:glass":108,"minecraft:golden_sword":67,"minecraft:bow":3,"minecraft:potato":1,"minecraft:diorite":1,"minecraft:oak_planks":659,"minecraft:stone_pickaxe":480,"minecraft:wooden_pickaxe":112,"minecraft:sandstone":4,"minecraft:diamond_axe":177,"minecraft:glow_berries":2,"minecraft:sand":4,"minecraft:crossbow":11,"minecraft:melon_slice":46,"minecraft:bread":203,"minecraft:brown_wool":1,"minecraft:gravel":8,"minecraft:wooden_sword":185,"minecraft:oak_boat":14,"minecraft:acacia_log":4,"minecraft:flint_and_steel":42,"minecraft:stone_shovel":117,"minecraft:netherrack":11,"minecraft:oak_door":8,"minecraft:torch":111,"minecraft:dirt":27,"minecraft:dark_oak_planks":3,"minecraft:wooden_axe":117,"minecraft:iron_axe":489,"minecraft:melon_seeds":3,"minecraft:acacia_planks":384,"minecraft:cobbled_deepslate":23,"minecraft:golden_axe":4,"minecraft:iron_leggings":1,"minecraft:wheat_seeds":227,"minecraft:cooked_mutton":1,"minecraft:acacia_boat":3,"minecraft:water_bucket":26,"minecraft:cobblestone_stairs":57,"minecraft:birch_planks":1,"minecraft:cobblestone_slab":618,"minecraft:mossy_cobblestone":1,"minecraft:oak_slab":782,"minecraft:crafting_table":10,"minecraft:white_bed":22,"minecraft:cornflower":1,"minecraft:diamond_pickaxe":1137,"minecraft:iron_pickaxe":1479,"minecraft:suspicious_stew":1,"minecraft:stone_axe":31,"minecraft:cobblestone":2100,"minecraft:white_banner":1,"minecraft:cooked_porkchop":1,"minecraft:bucket":31},"minecraft:crafted":{"minecraft:oak_planks":907,"minecraft:cobblestone_slab":570,"minecraft:oak_pressure_plate":1,"minecraft:cobblestone_stairs":60,"minecraft:chest":2,"minecraft:oak_button":14,"minecraft:golden_boots":1,"minecraft:oak_slab":690,"minecraft:diamond_axe":1,"minecraft:crafting_table":4,"minecraft:wooden_pickaxe":2,"minecraft:diamond_pickaxe":1,"minecraft:stick":104,"minecraft:iron_ingot":2,"minecraft:iron_pickaxe":4,"minecraft:stone_sword":1,"minecraft:gold_ingot":16,"minecraft:wooden_sword":2,"minecraft:oak_door":12,"minecraft:stone_shovel":1,"minecraft:iron_axe":1,"minecraft:stone_pickaxe":5,"minecraft:glistering_melon_slice":2,"minecraft:iron_sword":1,"minecraft:stone_axe":2,"minecraft:acacia_boat":1,"minecraft:bread":68,"minecraft:air":0,"minecraft:oak_boat":2,"minecraft:wooden_axe":2,"minecraft:white_bed":3,"minecraft:acacia_planks":366,"minecraft:torch":88},"minecraft:broken":{"minecraft:golden_boots":1,"minecraft:stone_pickaxe":2,"minecraft:golden_sword":1,"minecraft:wooden_sword":1,"minecraft:wooden_axe":2,"minecraft:wooden_pickaxe":1,"minecraft:shield":2,"minecraft:iron_axe":3,"minecraft:iron_pickaxe":5,"minecraft:iron_helmet":1},"minecraft:mined":{"minecraft:dark_oak_planks":3,"minecraft:spruce_planks":1,"minecraft:attached_melon_stem":4,"minecraft:white_bed":23,"minecraft:farmland":1,"minecraft:cobblestone_stairs":25,"minecraft:jungle_leaves":2,"minecraft:obsidian":1,"minecraft:acacia_log":102,"minecraft:grass_block":44,"minecraft:brown_wool":1,"minecraft:weeping_vines_plant":3,"minecraft:iron_ore":27,"minecraft:cobbled_deepslate":15,"minecraft:fire":84,"minecraft:deepslate_lapis_ore":2,"minecraft:deepslate_redstone_ore":1,"minecraft:cut_sandstone":25,"minecraft:melon_stem":13,"minecraft:crimson_nylium":6,"minecraft:orange_terracotta":5,"minecraft:torch":32,"minecraft:melon":8,"minecraft:dead_bush":1,"minecraft:cobblestone":225,"minecraft:oak_planks":51,"minecraft:wall_torch":2,"minecraft:seagrass":1,"minecraft:blue_terracotta":2,"minecraft:wheat":259,"minecraft:tnt":18,"minecraft:warped_fungus":1,"minecraft:grass":267,"minecraft:oak_log":212,"minecraft:sand":4,"minecraft:dirt":59,"minecraft:netherrack":3,"minecraft:oak_leaves":93,"minecraft:deepslate":25,"minecraft:tuff":4,"minecraft:deepslate_diamond_ore":6,"minecraft:oak_door":2,"minecraft:glow_lichen":1,"minecraft:kelp":1,"minecraft:sandstone":6,"minecraft:redstone_ore":1,"minecraft:andesite":6,"minecraft:gold_block":1,"minecraft:potatoes":1,"minecraft:deepslate_iron_ore":3,"minecraft:cobblestone_slab":53,"minecraft:stone":2564,"minecraft:white_wool":2,"minecraft:oak_slab":30,"minecraft:acacia_leaves":11,"minecraft:stone_brick_slab":2,"minecraft:dandelion":1,"minecraft:crafting_table":8,"minecraft:rose_bush":2,"minecraft:tall_grass":22,"minecraft:copper_ore":2,"minecraft:birch_planks":1,"minecraft:birch_leaves":13,"minecraft:bee_nest":1,"minecraft:coal_ore":26,"minecraft:gravel":98,"minecraft:cracked_stone_bricks":2,"minecraft:acacia_planks":15,"minecraft:stone_bricks":2,"minecraft:mossy_stone_bricks":1,"minecraft:gold_ore":7,"minecraft:fern":15}},"DataVersion":2975}