{"stats":{"minecraft:killed_by":{"minecraft:player":5,"minecraft:creeper":1,"minecraft:enderman":2,"minecraft:vindicator":1,"minecraft:cave_spider":1,"minecraft:skeleton":1,"minecraft:zombie":2},"minecraft:picked_up":{"minecraft:iron_chestplate":10,"minecraft:crafting_table":7,"minecraft:wheat":241,"minecraft:chicken":5,"minecraft:wooden_pickaxe":1,"minecraft:gold_block":1,"minecraft:golden_sword":3,"minecraft:shield":10,"minecraft:cornflower":1,"minecraft:string":12,"minecraft:raw_copper":12,"minecraft:iron_axe":10,"minecraft:wooden_sword":1,"minecraft:flint_and_steel":3,"minecraft:iron_leggings":1,"minecraft:blackstone":16,"minecraft:activator_rail":3,"minecraft:detector_rail":3,"minecraft:gold_nugget":16,"minecraft:cobbled_deepslate":40,"minecraft:bucket":5,"minecraft:oak_boat":3,"minecraft:cobblestone_slab":88,"minecraft:iron_nugget":14,"minecraft:iron_pickaxe":14,"minecraft:minecart":4,"minecraft:melon_slice":223,"minecraft:chest":2,"minecraft:egg":7,"minecraft:iron_boots":9,"minecraft:raw_iron":154,"minecraft:stick":226,"minecraft:sandstone":2,"minecraft:oak_door":2,"minecraft:torch":275,"minecraft:acacia_log":88,"minecraft:porkchop":6,"minecraft:golden_axe":1,"minecraft:diorite":2,"minecraft:redstone":25,"minecraft:stone_pressure_plate":1,"minecraft:tnt":9,"minecraft:arrow":18,"minecraft:stone_shovel":1,"minecraft:rotten_flesh":17,"minecraft:hay_block":3,"minecraft:gold_ingot":13,"minecraft:glistering_melon_slice":3,"minecraft:mutton":14,"minecraft:obsidian":2,"minecraft:blaze_rod":6,"minecraft:glow_berries":3,"minecraft:white_wool":19,"minecraft:cobblestone":3364,"minecraft:leather_chestplate":3,"minecraft:feather":8,"minecraft:magma_cream":1,"minecraft:water_bucket":3,"minecraft:andesite":12,"minecraft:leather":1,"minecraft:cut_sandstone":11,"minecraft:brown_wool":2,"minecraft:golden_leggings":10,"minecraft:potato":1,"minecraft:flint":10,"minecraft:oak_log":638,"minecraft:golden_boots":2,"minecraft:acacia_boat":2,"minecraft:gunpowder":1,"minecraft:cobblestone_stairs":78,"minecraft:map":2,"minecraft:lapis_lazuli":50,"minecraft:dirt":58,"minecraft:white_banner":3,"minecraft:name_tag":1,"minecraft:orange_terracotta":1,"minecraft:cooked_mutton":76,"minecraft:bone":27,"minecraft:acacia_planks":270,"minecraft:apple":60,"minecraft:bow":5,"minecraft:wheat_seeds":686,"minecraft:raw_gold":78,"minecraft:iron_ingot":5,"minecraft:stone_pickaxe":15,"minecraft:glass_bottle":8,"minecraft:oak_planks":344,"minecraft:powered_rail":4,"minecraft:iron_sword":2,"minecraft:acacia_sapling":1,"minecraft:soul_sand":5,"minecraft:book":4,"minecraft:oak_slab":161,"minecraft:warped_fungus":1,"minecraft:stone_brick_slab":6,"minecraft:dandelion":2,"minecraft:gravel":134,"minecraft:sand":1,"minecraft:melon":1,"minecraft:white_bed":10,"minecraft:crying_obsidian":2,"minecraft:spectral_arrow":18,"minecraft:spider_eye":3,"minecraft:mossy_cobblestone":6,"minecraft:blue_terracotta":1,"minecraft:diamond":38,"minecraft:stone_axe":9,"minecraft:iron_helmet":10,"minecraft:golden_apple":7,"minecraft:emerald":10,"minecraft:bread":952,"minecraft:baked_potato":5,"minecraft:oak_sapling":3,"minecraft:netherrack":13,"minecraft:melon_seeds":24,"minecraft:coal":45,"minecraft:crimson_roots":1,"minecraft:diamond_pickaxe":2},"minecraft:custom":{"minecraft:mob_kills":70,"minecraft:interact_with_crafting_table":55,"minecraft:bell_ring":2,"minecraft:leave_game":6,"minecraft:time_since_death":159592,"minecraft:climb_one_cm":1881,"minecraft:sprint_one_cm":1952895,"minecraft:walk_one_cm":2621022,"minecraft:damage_blocked_by_shield":3643,"minecraft:drop":129,"minecraft:talked_to_villager":44,"minecraft:play_time":778106,"minecraft:sneak_time":19390,"minecraft:deaths":18,"minecraft:walk_under_water_one_cm":65769,"minecraft:boat_one_cm":737776,"minecraft:jump":5837,"minecraft:walk_on_water_one_cm":84749,"minecraft:total_world_time":778106,"minecraft:interact_with_furnace":21,"minecraft:interact_with_cartography_table":2,"minecraft:interact_with_loom":1,"minecraft:interact_with_stonecutter":1,"minecraft:interact_with_grindstone":2,"minecraft:sleep_in_bed":17,"minecraft:time_since_rest":97731,"minecraft:damage_taken":11532,"minecraft:damage_dealt":10076,"minecraft:swim_one_cm":36738,"minecraft:fly_one_cm":311316,"minecraft:open_chest":166,"minecraft:crouch_one_cm":71776,"minecraft:interact_with_smoker":1,"minecraft:fall_one_cm":101627,"minecraft:horse_one_cm":955},"minecraft:dropped":{"minecraft:enchanted_book":1,"minecraft:iron_ingot":26,"minecraft:bread":3,"minecraft:iron_sword":1,"minecraft:porkchop":6,"minecraft:oak_log":31,"minecraft:tnt":9,"minecraft:golden_horse_armor":3,"minecraft:minecart":1,"minecraft:book":1,"minecraft:glow_berries":3,"minecraft:cobblestone":213,"minecraft:saddle":3,"minecraft:golden_apple":1,"minecraft:stick":25,"minecraft:emerald":3,"minecraft:lava_bucket":5,"minecraft:diorite":1,"minecraft:mutton":13,"minecraft:fire_charge":1,"minecraft:sand":1,"minecraft:white_banner":3,"minecraft:glistering_melon_slice":1,"minecraft:string":15,"minecraft:white_wool":1,"minecraft:dandelion":2,"minecraft:gold_ingot":20,"minecraft:bone":12,"minecraft:gravel":63,"minecraft:blaze_rod":6,"minecraft:cobbled_deepslate":8,"minecraft:raw_iron":4,"minecraft:stone_shovel":1,"minecraft:chicken":5,"minecraft:rotten_flesh":13,"minecraft:oak_planks":6,"minecraft:iron_boots":1,"minecraft:name_tag":1,"minecraft:white_bed":1,"minecraft:flint_and_steel":1,"minecraft:potato":8,"minecraft:hay_block":3,"minecraft:gunpowder":25,"minecraft:andesite":12,"minecraft:golden_leggings":1,"minecraft:oak_sapling":1,"minecraft:chest":1,"minecraft:arrow":6,"minecraft:stone_pickaxe":1,"minecraft:wooden_pickaxe":1},"minecraft:killed":{"minecraft:cave_spider":1,"minecraft:spider":6,"minecraft:skeleton":15,"minecraft:chicken":5,"minecraft:drowned":1,"minecraft:magma_cube":7,"minecraft:husk":2,"minecraft:pig":2,"minecraft:sheep":9,"minecraft:zombie":12,"minecraft:donkey":1,"minecraft:wither_skeleton":1,"minecraft:blaze":5},"minecraft:used":{"minecraft:flint_and_steel":28,"minecraft:stone_shovel":117,"minecraft:chest":3,"minecraft:shield":95,"minecraft:iron_sword":18,"minecraft:oak_door":8,"minecraft:netherrack":11,"minecraft:torch":111,"minecraft:dirt":5,"minecraft:obsidian":2,"minecraft:glass":108,"minecraft:wooden_axe":117,"minecraft:iron_axe":489,"minecraft:melon_seeds":3,"minecraft:golden_sword":61,"minecraft:bow":3,"minecraft:golden_axe":4,"minecraft:cobbled_deepslate":23,"minecraft:potato":1,"minecraft:acacia_planks":341,"minecraft:cooked_mutton":1,"minecraft:diorite":1,"minecraft:acacia_boat":3,"minecraft:water_bucket":26,"minecraft:wheat_seeds":227,"minecraft:cobblestone_stairs":57,"minecraft:oak_planks":597,"minecraft:stone_pickaxe":480,"minecraft:cobblestone_slab":618,"minecraft:wooden_pickaxe":112,"minecraft:diamond_axe":8,"minecraft:glow_berries":2,"minecraft:mossy_cobblestone":1,"minecraft:oak_slab":782,"minecraft:crafting_table":9,"minecraft:white_bed":12,"minecraft:diamond_pickaxe":1137,"minecraft:cornflower":1,"minecraft:iron_pickaxe":1402,"minecraft:bread":153,"minecraft:melon_slice":46,"minecraft:brown_wool":1,"minecraft:gravel":1,"minecraft:stone_axe":31,"minecraft:wooden_sword":185,"minecraft:cobblestone":2072,"minecraft:bucket":31,"minecraft:oak_boat":4},"minecraft:crafted":{"minecraft:wooden_sword":2,"minecraft:oak_door":12,"minecraft:oak_planks":907,"minecraft:cobblestone_slab":570,"minecraft:stone_shovel":1,"minecraft:oak_pressure_plate":1,"minecraft:cobblestone_stairs":60,"minecraft:iron_axe":1,"minecraft:stone_pickaxe":5,"minecraft:chest":2,"minecraft:oak_button":14,"minecraft:glistering_melon_slice":2,"minecraft:golden_boots":1,"minecraft:oak_slab":690,"minecraft:diamond_axe":1,"minecraft:crafting_table":4,"minecraft:wooden_pickaxe":2,"minecraft:iron_sword":1,"minecraft:stone_axe":2,"minecraft:air":0,"minecraft:bread":68,"minecraft:acacia_boat":1,"minecraft:oak_boat":1,"minecraft:diamond_pickaxe":1,"minecraft:stick":104,"minecraft:iron_ingot":2,"minecraft:iron_pickaxe":4,"minecraft:wooden_axe":2,"minecraft:stone_sword":1,"minecraft:gold_ingot":16,"minecraft:white_bed":3,"minecraft:acacia_planks":346,"minecraft:torch":88},"minecraft:broken":{"minecraft:golden_boots":1,"minecraft:wooden_pickaxe":1,"minecraft:stone_pickaxe":2,"minecraft:shield":1,"minecraft:iron_axe":3,"minecraft:wooden_sword":1,"minecraft:iron_pickaxe":5,"minecraft:iron_helmet":1,"minecraft:wooden_axe":2},"minecraft:mined":{"minecraft:white_bed":10,"minecraft:attached_melon_stem":4,"minecraft:farmland":1,"minecraft:deepslate_diamond_ore":6,"minecraft:oak_door":2,"minecraft:cobblestone_stairs":25,"minecraft:obsidian":1,"minecraft:glow_lichen":1,"minecraft:acacia_log":93,"minecraft:grass_block":4,"minecraft:brown_wool":1,"minecraft:sandstone":2,"minecraft:weeping_vines_plant":3,"minecraft:redstone_ore":1,"minecraft:iron_ore":27,"minecraft:fire":29,"minecraft:cobbled_deepslate":15,"minecraft:andesite":6,"minecraft:deepslate_lapis_ore":2,"minecraft:gold_block":1,"minecraft:potatoes":1,"minecraft:cobblestone_slab":53,"minecraft:deepslate_iron_ore":3,"minecraft:stone":2542,"minecraft:white_wool":2,"minecraft:deepslate_redstone_ore":1,"minecraft:oak_slab":30,"minecraft:cut_sandstone":12,"minecraft:acacia_leaves":9,"minecraft:melon_stem":13,"minecraft:crimson_nylium":6,"minecraft:orange_terracotta":1,"minecraft:stone_brick_slab":2,"minecraft:dandelion":1,"minecraft:crafting_table":7,"minecraft:torch":32,"minecraft:melon":8,"minecraft:rose_bush":2,"minecraft:copper_ore":2,"minecraft:tall_grass":22,"minecraft:cobblestone":223,"minecraft:oak_planks":49,"minecraft:wall_torch":2,"minecraft:seagrass":1,"minecraft:blue_terracotta":1,"minecraft:wheat":258,"minecraft:birch_leaves":10,"minecraft:warped_fungus":1,"minecraft:bee_nest":1,"minecraft:tnt":9,"minecraft:grass":160,"minecraft:coal_ore":26,"minecraft:oak_log":212,"minecraft:gravel":88,"minecraft:dirt":50,"minecraft:cracked_stone_bricks":2,"minecraft:acacia_planks":15,"minecraft:stone_bricks":2,"minecraft:netherrack":3,"minecraft:gold_ore":7,"minecraft:oak_leaves":48,"minecraft:deepslate":25}},"DataVersion":2975}