{"stats":{"minecraft:killed_by":{"minecraft:zombie":1},"minecraft:picked_up":{"minecraft:wheat":58,"minecraft:feather":14,"minecraft:chicken":14,"minecraft:leather":18,"minecraft:brown_mushroom":2,"minecraft:smoker":2,"minecraft:map":4,"minecraft:dirt":1,"minecraft:string":2,"minecraft:acacia_planks":17,"minecraft:wheat_seeds":203,"minecraft:cartography_table":4,"minecraft:bell":2,"minecraft:stone_pickaxe":2,"minecraft:iron_ingot":20,"minecraft:beef":26,"minecraft:grindstone":4,"minecraft:poppy":2,"minecraft:melon_slice":8,"minecraft:chest":4,"minecraft:furnace":1,"minecraft:egg":3,"minecraft:stick":1,"minecraft:acacia_log":2,"minecraft:porkchop":57,"minecraft:loom":2,"minecraft:cauldron":8,"minecraft:orange_bed":13,"minecraft:stone_sword":2,"minecraft:rotten_flesh":4,"minecraft:stone_axe":2,"minecraft:hay_block":14,"minecraft:melon_seeds":4,"minecraft:mutton":3,"minecraft:coal":22,"minecraft:white_wool":2,"minecraft:cobblestone":16},"minecraft:custom":{"minecraft:interact_with_furnace":1,"minecraft:mob_kills":15,"minecraft:interact_with_anvil":1,"minecraft:leave_game":1,"minecraft:time_since_death":7109,"minecraft:sleep_in_bed":6,"minecraft:time_since_rest":3496,"minecraft:sprint_one_cm":131686,"minecraft:damage_taken":405,"minecraft:walk_one_cm":67183,"minecraft:drop":4,"minecraft:damage_dealt":3078,"minecraft:swim_one_cm":22974,"minecraft:talked_to_villager":3,"minecraft:fly_one_cm":199928,"minecraft:open_chest":17,"minecraft:crouch_one_cm":575,"minecraft:play_time":26858,"minecraft:deaths":1,"minecraft:sneak_time":286,"minecraft:walk_under_water_one_cm":2877,"minecraft:jump":771,"minecraft:walk_on_water_one_cm":2224,"minecraft:total_world_time":26858,"minecraft:fall_one_cm":20203},"minecraft:dropped":{"minecraft:stick":1,"minecraft:map":2,"minecraft:stone_pickaxe":1,"minecraft:paper":9},"minecraft:killed":{"minecraft:pig":3,"minecraft:spider":1,"minecraft:iron_golem":2,"minecraft:creeper":1,"minecraft:sheep":1,"minecraft:zombie":1,"minecraft:cow":6},"minecraft:used":{"minecraft:stone_sword":94,"minecraft:stone_pickaxe":23,"minecraft:chest":2,"minecraft:orange_bed":5,"minecraft:torch":6,"minecraft:stone_axe":34,"minecraft:cobblestone":6,"minecraft:furnace":1,"minecraft:porkchop":14,"minecraft:acacia_planks":11},"minecraft:crafted":{"minecraft:stick":12,"minecraft:acacia_planks":4,"minecraft:torch":48},"minecraft:mined":{"minecraft:brown_mushroom":1,"minecraft:attached_melon_stem":1,"minecraft:glass_pane":1,"minecraft:melon_stem":1,"minecraft:smoker":1,"minecraft:acacia_log":1,"minecraft:grass_block":1,"minecraft:melon":1,"minecraft:chest":2,"minecraft:tall_grass":5,"minecraft:cobblestone":3,"minecraft:grindstone":2,"minecraft:cartography_table":2,"minecraft:hay_block":7,"minecraft:wheat":36,"minecraft:bell":1,"minecraft:grass":23,"minecraft:coal_ore":6,"minecraft:water_cauldron":4,"minecraft:loom":1,"minecraft:acacia_planks":5,"minecraft:stone":2,"minecraft:oak_leaves":4,"minecraft:orange_bed":8}},"DataVersion":2975}