{"stats":{"minecraft:picked_up":{"minecraft:stick":1,"minecraft:wheat":29,"minecraft:feather":7,"minecraft:chicken":7,"minecraft:leather":9,"minecraft:brown_mushroom":1,"minecraft:acacia_log":1,"minecraft:smoker":1,"minecraft:porkchop":33,"minecraft:loom":1,"minecraft:map":2,"minecraft:cauldron":4,"minecraft:orange_bed":6,"minecraft:stone_sword":1,"minecraft:acacia_planks":12,"minecraft:stone_axe":1,"minecraft:wheat_seeds":98,"minecraft:cartography_table":2,"minecraft:bell":1,"minecraft:grindstone":2,"minecraft:hay_block":7,"minecraft:beef":13,"minecraft:iron_ingot":5,"minecraft:stone_pickaxe":1,"minecraft:poppy":1,"minecraft:melon_seeds":4,"minecraft:melon_slice":4,"minecraft:chest":2,"minecraft:mutton":3,"minecraft:coal":10,"minecraft:egg":3,"minecraft:white_wool":2,"minecraft:cobblestone":2,"minecraft:furnace":1},"minecraft:custom":{"minecraft:time_since_rest":14858,"minecraft:sprint_one_cm":81956,"minecraft:damage_taken":50,"minecraft:walk_one_cm":37510,"minecraft:interact_with_anvil":1,"minecraft:mob_kills":11,"minecraft:drop":4,"minecraft:damage_dealt":1680,"minecraft:swim_one_cm":815,"minecraft:fly_one_cm":136485,"minecraft:open_chest":12,"minecraft:crouch_one_cm":474,"minecraft:play_time":14858,"minecraft:sneak_time":185,"minecraft:walk_under_water_one_cm":203,"minecraft:jump":473,"minecraft:leave_game":1,"minecraft:walk_on_water_one_cm":558,"minecraft:time_since_death":14768,"minecraft:total_world_time":14858,"minecraft:fall_one_cm":12712},"minecraft:dropped":{"minecraft:map":2,"minecraft:stone_pickaxe":1,"minecraft:paper":9,"minecraft:stick":1},"minecraft:used":{"minecraft:stone_sword":77,"minecraft:stone_pickaxe":15,"minecraft:stone_axe":21,"minecraft:cobblestone":2,"minecraft:porkchop":7,"minecraft:acacia_planks":4},"minecraft:killed":{"minecraft:sheep":1,"minecraft:pig":3,"minecraft:iron_golem":1,"minecraft:cow":6},"minecraft:mined":{"minecraft:hay_block":7,"minecraft:attached_melon_stem":1,"minecraft:brown_mushroom":1,"minecraft:glass_pane":1,"minecraft:melon_stem":1,"minecraft:wheat":36,"minecraft:smoker":1,"minecraft:bell":1,"minecraft:grass":23,"minecraft:acacia_log":1,"minecraft:coal_ore":4,"minecraft:melon":1,"minecraft:water_cauldron":4,"minecraft:chest":2,"minecraft:loom":1,"minecraft:tall_grass":5,"minecraft:acacia_planks":3,"minecraft:grindstone":2,"minecraft:cartography_table":2,"minecraft:orange_bed":6}},"DataVersion":2975}