{"stats":{"minecraft:killed_by":{"minecraft:enderman":1},"minecraft:picked_up":{"minecraft:iron_chestplate":1,"minecraft:crafting_table":8,"minecraft:wheat":1,"minecraft:string":1,"minecraft:iron_axe":3,"minecraft:flint_and_steel":3,"minecraft:iron_leggings":1,"minecraft:cobbled_deepslate":6,"minecraft:bucket":2,"minecraft:beef":131,"minecraft:red_dye":4,"minecraft:oak_boat":1,"minecraft:rose_bush":4,"minecraft:cobblestone_slab":36,"minecraft:light_gray_wool":3,"minecraft:iron_pickaxe":2,"minecraft:lectern":186,"minecraft:sugar_cane":72,"minecraft:egg":6,"minecraft:raw_iron":4,"minecraft:stick":29,"minecraft:composter":8,"minecraft:oak_fence":2,"minecraft:torch":5,"minecraft:acacia_log":15,"minecraft:white_dye":3,"minecraft:diorite":22,"minecraft:carrot":4,"minecraft:redstone":5,"minecraft:iron_horse_armor":1,"minecraft:stone_sword":1,"minecraft:arrow":15,"minecraft:rotten_flesh":12,"minecraft:stone_shovel":1,"minecraft:saddle":1,"minecraft:mutton":54,"minecraft:white_wool":43,"minecraft:cobblestone":286,"minecraft:birch_log":1,"minecraft:leather":122,"minecraft:potato":202,"minecraft:tuff":78,"minecraft:oak_log":50,"minecraft:cobblestone_stairs":52,"minecraft:dirt":40,"minecraft:bone":28,"minecraft:acacia_planks":14,"minecraft:apple":33,"minecraft:kelp":37,"minecraft:wheat_seeds":15,"minecraft:iron_ingot":15,"minecraft:bamboo":34,"minecraft:fletching_table":2,"minecraft:oak_planks":15,"minecraft:book":42,"minecraft:oak_slab":11,"minecraft:poisonous_potato":1,"minecraft:sand":4,"minecraft:loom":1,"minecraft:white_bed":11,"minecraft:grass_block":1,"minecraft:mossy_cobblestone":22,"minecraft:stone_axe":2,"minecraft:golden_apple":2,"minecraft:gray_wool":3,"minecraft:emerald":1,"minecraft:golden_horse_armor":1,"minecraft:bread":5,"minecraft:baked_potato":35,"minecraft:oak_sapling":13,"minecraft:black_wool":5,"minecraft:ender_pearl":2},"minecraft:custom":{"minecraft:mob_kills":90,"minecraft:interact_with_anvil":2,"minecraft:interact_with_crafting_table":57,"minecraft:leave_game":1,"minecraft:time_since_death":4343,"minecraft:climb_one_cm":2881,"minecraft:sprint_one_cm":317767,"minecraft:walk_one_cm":396240,"minecraft:drop":33,"minecraft:talked_to_villager":326,"minecraft:play_time":194680,"minecraft:sneak_time":2810,"minecraft:deaths":3,"minecraft:walk_under_water_one_cm":20256,"minecraft:boat_one_cm":222191,"minecraft:jump":2386,"minecraft:interact_with_blast_furnace":2,"minecraft:walk_on_water_one_cm":47890,"minecraft:total_world_time":194680,"minecraft:interact_with_furnace":4,"minecraft:traded_with_villager":26,"minecraft:interact_with_loom":1,"minecraft:sleep_in_bed":7,"minecraft:time_since_rest":4373,"minecraft:damage_taken":1990,"minecraft:damage_dealt":9530,"minecraft:swim_one_cm":16727,"minecraft:fly_one_cm":536312,"minecraft:open_chest":145,"minecraft:crouch_one_cm":3325,"minecraft:fall_one_cm":58756,"minecraft:horse_one_cm":136627},"minecraft:dropped":{"minecraft:water_bucket":2,"minecraft:wheat_seeds":10,"minecraft:baked_potato":5,"minecraft:saddle":1,"minecraft:cobblestone_stairs":27,"minecraft:dirt":1,"minecraft:stone_axe":1,"minecraft:stone_sword":1,"minecraft:stone_shovel":1,"minecraft:rotten_flesh":11,"minecraft:white_bed":1,"minecraft:flint_and_steel":1,"minecraft:cobblestone_slab":19},"minecraft:killed":{"minecraft:spider":1,"minecraft:skeleton":5,"minecraft:creeper":1,"minecraft:sheep":31,"minecraft:zombie":3,"minecraft:cow":48},"minecraft:used":{"minecraft:oak_fence":2,"minecraft:iron_chestplate":1,"minecraft:torch":4,"minecraft:dirt":24,"minecraft:anvil":1,"minecraft:bookshelf":7,"minecraft:iron_axe":293,"minecraft:beef":7,"minecraft:egg":6,"minecraft:potato":33,"minecraft:iron_leggings":1,"minecraft:water_bucket":23,"minecraft:diorite":6,"minecraft:cobblestone_stairs":52,"minecraft:baked_potato":23,"minecraft:oak_planks":1,"minecraft:composter":5,"minecraft:cobblestone_slab":2,"minecraft:sugar_cane":22,"minecraft:fletching_table":1,"minecraft:crafting_table":7,"minecraft:oak_slab":13,"minecraft:loom":1,"minecraft:white_bed":28,"minecraft:black_bed":1,"minecraft:diamond_pickaxe":1,"minecraft:bread":10,"minecraft:iron_pickaxe":299,"minecraft:lectern":188,"minecraft:stone_axe":95,"minecraft:cobblestone":110,"minecraft:bucket":25,"minecraft:oak_boat":1,"minecraft:kelp":6,"minecraft:bone_meal":22},"minecraft:crafted":{"minecraft:oak_planks":264,"minecraft:loom":1,"minecraft:cobblestone_stairs":28,"minecraft:bone_meal":27,"minecraft:bookshelf":12,"minecraft:iron_axe":3,"minecraft:red_dye":4,"minecraft:oak_slab":6,"minecraft:emerald":23,"minecraft:crafting_table":2,"minecraft:acacia_slab":12,"minecraft:birch_planks":4,"minecraft:enchanted_book":1,"minecraft:bread":12,"minecraft:air":0,"minecraft:lectern":5,"minecraft:book":20,"minecraft:white_wool":3,"minecraft:iron_chestplate":1,"minecraft:paper":60,"minecraft:white_dye":3,"minecraft:stick":656,"minecraft:iron_pickaxe":2,"minecraft:iron_block":3,"minecraft:iron_leggings":1,"minecraft:black_bed":1,"minecraft:anvil":1,"minecraft:white_bed":20,"minecraft:acacia_planks":60},"minecraft:broken":{"minecraft:iron_axe":1,"minecraft:stone_axe":1,"minecraft:iron_pickaxe":1},"minecraft:mined":{"minecraft:tuff":34,"minecraft:white_bed":8,"minecraft:mossy_cobblestone":15,"minecraft:cobblestone_stairs":25,"minecraft:jungle_leaves":11,"minecraft:acacia_log":15,"minecraft:grass_block":17,"minecraft:composter":6,"minecraft:carrots":2,"minecraft:fire":2,"minecraft:fletching_table":1,"minecraft:deepslate_iron_ore":2,"minecraft:dirt_path":6,"minecraft:bookshelf":7,"minecraft:potatoes":33,"minecraft:cobblestone_slab":13,"minecraft:bamboo":2,"minecraft:stone":92,"minecraft:oak_slab":8,"minecraft:acacia_leaves":1,"minecraft:oak_fence":2,"minecraft:crafting_table":7,"minecraft:torch":2,"minecraft:lectern":186,"minecraft:cobblestone":104,"minecraft:tall_grass":5,"minecraft:oak_planks":9,"minecraft:sugar_cane":50,"minecraft:diorite":11,"minecraft:birch_log":1,"minecraft:grass":41,"minecraft:oak_log":41,"minecraft:gravel":1,"minecraft:loom":1,"minecraft:sand":2,"minecraft:dirt":3,"minecraft:oak_leaves":1,"minecraft:deepslate":1}},"DataVersion":2975}