{"stats":{"minecraft:killed_by":{"minecraft:enderman":1},"minecraft:picked_up":{"minecraft:crafting_table":3,"minecraft:wheat":1,"minecraft:leather":45,"minecraft:potato":133,"minecraft:oak_log":50,"minecraft:cobblestone_stairs":27,"minecraft:string":1,"minecraft:dirt":24,"minecraft:iron_axe":1,"minecraft:bone":14,"minecraft:apple":1,"minecraft:wheat_seeds":15,"minecraft:red_dye":4,"minecraft:beef":74,"minecraft:iron_ingot":6,"minecraft:cobblestone_slab":19,"minecraft:oak_boat":1,"minecraft:rose_bush":4,"minecraft:iron_pickaxe":1,"minecraft:light_gray_wool":2,"minecraft:fletching_table":2,"minecraft:lectern":185,"minecraft:sugar_cane":55,"minecraft:oak_planks":7,"minecraft:egg":1,"minecraft:book":36,"minecraft:stick":11,"minecraft:composter":7,"minecraft:torch":1,"minecraft:acacia_log":15,"minecraft:poisonous_potato":1,"minecraft:white_dye":3,"minecraft:sand":4,"minecraft:white_bed":1,"minecraft:diorite":22,"minecraft:grass_block":1,"minecraft:loom":1,"minecraft:carrot":4,"minecraft:stone_sword":1,"minecraft:stone_shovel":1,"minecraft:arrow":9,"minecraft:rotten_flesh":9,"minecraft:stone_axe":2,"minecraft:gray_wool":1,"minecraft:baked_potato":35,"minecraft:oak_sapling":13,"minecraft:black_wool":4,"minecraft:mutton":22,"minecraft:white_wool":3,"minecraft:cobblestone":241,"minecraft:ender_pearl":1},"minecraft:custom":{"minecraft:mob_kills":35,"minecraft:traded_with_villager":25,"minecraft:interact_with_crafting_table":38,"minecraft:interact_with_loom":1,"minecraft:sleep_in_bed":1,"minecraft:time_since_death":38379,"minecraft:time_since_rest":24422,"minecraft:sprint_one_cm":182549,"minecraft:damage_taken":979,"minecraft:walk_one_cm":244639,"minecraft:drop":24,"minecraft:damage_dealt":4492,"minecraft:swim_one_cm":2358,"minecraft:talked_to_villager":321,"minecraft:fly_one_cm":319371,"minecraft:open_chest":79,"minecraft:crouch_one_cm":645,"minecraft:play_time":126218,"minecraft:deaths":1,"minecraft:sneak_time":633,"minecraft:walk_under_water_one_cm":1893,"minecraft:boat_one_cm":142103,"minecraft:jump":1445,"minecraft:walk_on_water_one_cm":12922,"minecraft:total_world_time":126218,"minecraft:fall_one_cm":27199},"minecraft:dropped":{"minecraft:stone_axe":1,"minecraft:wheat_seeds":10,"minecraft:baked_potato":5,"minecraft:stone_sword":1,"minecraft:stone_shovel":1,"minecraft:rotten_flesh":8,"minecraft:cobblestone_stairs":27,"minecraft:cobblestone_slab":19},"minecraft:killed":{"minecraft:spider":1,"minecraft:creeper":1,"minecraft:sheep":7,"minecraft:skeleton":4,"minecraft:zombie":3,"minecraft:cow":18},"minecraft:used":{"minecraft:diorite":6,"minecraft:baked_potato":18,"minecraft:composter":5,"minecraft:fletching_table":1,"minecraft:sugar_cane":22,"minecraft:torch":1,"minecraft:dirt":24,"minecraft:crafting_table":4,"minecraft:loom":1,"minecraft:white_bed":3,"minecraft:bookshelf":7,"minecraft:bread":2,"minecraft:iron_axe":211,"minecraft:iron_pickaxe":178,"minecraft:lectern":188,"minecraft:stone_axe":95,"minecraft:cobblestone":88,"minecraft:beef":6,"minecraft:oak_boat":1,"minecraft:egg":1,"minecraft:potato":21,"minecraft:bone_meal":3},"minecraft:crafted":{"minecraft:red_dye":4,"minecraft:oak_slab":6,"minecraft:oak_planks":264,"minecraft:emerald":22,"minecraft:crafting_table":1,"minecraft:acacia_slab":12,"minecraft:loom":1,"minecraft:enchanted_book":1,"minecraft:bone_meal":6,"minecraft:bookshelf":12,"minecraft:bread":12,"minecraft:air":0,"minecraft:lectern":5,"minecraft:white_wool":3,"minecraft:book":11,"minecraft:paper":33,"minecraft:white_dye":3,"minecraft:iron_axe":1,"minecraft:stick":640,"minecraft:iron_pickaxe":1,"minecraft:white_bed":2,"minecraft:acacia_planks":60},"minecraft:broken":{"minecraft:stone_axe":1},"minecraft:mined":{"minecraft:acacia_leaves":1,"minecraft:white_bed":1,"minecraft:crafting_table":3,"minecraft:torch":1,"minecraft:acacia_log":15,"minecraft:grass_block":17,"minecraft:lectern":186,"minecraft:tall_grass":5,"minecraft:cobblestone":74,"minecraft:composter":6,"minecraft:sugar_cane":43,"minecraft:oak_planks":8,"minecraft:diorite":11,"minecraft:carrots":2,"minecraft:fire":2,"minecraft:fletching_table":1,"minecraft:oak_log":41,"minecraft:grass":39,"minecraft:bookshelf":5,"minecraft:potatoes":21,"minecraft:dirt_path":6,"minecraft:loom":1,"minecraft:dirt":3,"minecraft:sand":2,"minecraft:stone":92,"minecraft:oak_leaves":1}},"DataVersion":2975}