{"stats":{"minecraft:picked_up":{"minecraft:crafting_table":1,"minecraft:wheat":1,"minecraft:leather":24,"minecraft:potato":34,"minecraft:oak_log":9,"minecraft:dirt":22,"minecraft:bone":3,"minecraft:wheat_seeds":15,"minecraft:beef":40,"minecraft:iron_ingot":6,"minecraft:oak_boat":1,"minecraft:rose_bush":3,"minecraft:light_gray_wool":1,"minecraft:fletching_table":1,"minecraft:lectern":29,"minecraft:sugar_cane":21,"minecraft:oak_planks":7,"minecraft:egg":1,"minecraft:book":21,"minecraft:stick":5,"minecraft:composter":1,"minecraft:acacia_log":6,"minecraft:sand":2,"minecraft:diorite":4,"minecraft:carrot":2,"minecraft:gray_wool":1,"minecraft:baked_potato":28,"minecraft:black_wool":2,"minecraft:mutton":11,"minecraft:white_wool":3,"minecraft:cobblestone":29},"minecraft:custom":{"minecraft:mob_kills":29,"minecraft:interact_with_crafting_table":7,"minecraft:time_since_death":60218,"minecraft:time_since_rest":60218,"minecraft:sprint_one_cm":71404,"minecraft:damage_taken":299,"minecraft:walk_one_cm":72460,"minecraft:drop":15,"minecraft:damage_dealt":3004,"minecraft:swim_one_cm":873,"minecraft:talked_to_villager":54,"minecraft:fly_one_cm":155820,"minecraft:open_chest":26,"minecraft:crouch_one_cm":243,"minecraft:play_time":60218,"minecraft:sneak_time":217,"minecraft:walk_under_water_one_cm":237,"minecraft:boat_one_cm":142103,"minecraft:jump":760,"minecraft:walk_on_water_one_cm":8768,"minecraft:total_world_time":60218,"minecraft:fall_one_cm":21003},"minecraft:dropped":{"minecraft:wheat_seeds":10,"minecraft:baked_potato":5},"minecraft:killed":{"minecraft:creeper":1,"minecraft:sheep":7,"minecraft:skeleton":1,"minecraft:zombie":1,"minecraft:cow":18},"minecraft:used":{"minecraft:baked_potato":6,"minecraft:sugar_cane":20,"minecraft:dirt":21,"minecraft:crafting_table":1,"minecraft:white_bed":1,"minecraft:bookshelf":7,"minecraft:iron_axe":66,"minecraft:iron_pickaxe":33,"minecraft:lectern":29,"minecraft:cobblestone":11,"minecraft:beef":5,"minecraft:oak_boat":1,"minecraft:egg":1,"minecraft:potato":9,"minecraft:bone_meal":3},"minecraft:crafted":{"minecraft:red_dye":4,"minecraft:crafting_table":1,"minecraft:bone_meal":6,"minecraft:bookshelf":7,"minecraft:white_dye":3,"minecraft:iron_axe":1,"minecraft:iron_pickaxe":1,"minecraft:white_bed":1,"minecraft:acacia_planks":24},"minecraft:mined":{"minecraft:crafting_table":1,"minecraft:acacia_log":6,"minecraft:grass_block":17,"minecraft:lectern":29,"minecraft:tall_grass":5,"minecraft:cobblestone":27,"minecraft:composter":1,"minecraft:sugar_cane":9,"minecraft:oak_planks":8,"minecraft:diorite":4,"minecraft:carrots":2,"minecraft:fletching_table":1,"minecraft:grass":38,"minecraft:potatoes":9,"minecraft:dirt_path":6,"minecraft:dirt":1,"minecraft:sand":2,"minecraft:stone":2}},"DataVersion":2975}