{"stats":{"minecraft:killed_by":{"minecraft:enderman":1},"minecraft:picked_up":{"minecraft:birch_log":1,"minecraft:crafting_table":3,"minecraft:wheat":1,"minecraft:leather":80,"minecraft:potato":156,"minecraft:oak_log":50,"minecraft:cobblestone_stairs":27,"minecraft:string":1,"minecraft:dirt":24,"minecraft:iron_axe":1,"minecraft:flint_and_steel":2,"minecraft:bone":14,"minecraft:apple":17,"minecraft:wheat_seeds":15,"minecraft:red_dye":4,"minecraft:beef":131,"minecraft:iron_ingot":6,"minecraft:cobblestone_slab":19,"minecraft:oak_boat":1,"minecraft:rose_bush":4,"minecraft:iron_pickaxe":1,"minecraft:light_gray_wool":3,"minecraft:fletching_table":2,"minecraft:lectern":185,"minecraft:sugar_cane":71,"minecraft:oak_planks":8,"minecraft:egg":6,"minecraft:book":36,"minecraft:oak_slab":1,"minecraft:stick":11,"minecraft:composter":7,"minecraft:torch":1,"minecraft:acacia_log":15,"minecraft:poisonous_potato":1,"minecraft:white_dye":3,"minecraft:sand":4,"minecraft:white_bed":3,"minecraft:diorite":22,"minecraft:grass_block":1,"minecraft:loom":1,"minecraft:carrot":4,"minecraft:stone_sword":1,"minecraft:stone_shovel":1,"minecraft:arrow":9,"minecraft:rotten_flesh":11,"minecraft:stone_axe":2,"minecraft:golden_apple":1,"minecraft:gray_wool":3,"minecraft:baked_potato":35,"minecraft:oak_sapling":13,"minecraft:black_wool":5,"minecraft:mutton":54,"minecraft:white_wool":23,"minecraft:cobblestone":241,"minecraft:ender_pearl":1},"minecraft:custom":{"minecraft:interact_with_furnace":4,"minecraft:interact_with_anvil":2,"minecraft:mob_kills":89,"minecraft:traded_with_villager":26,"minecraft:interact_with_crafting_table":43,"minecraft:interact_with_loom":1,"minecraft:sleep_in_bed":1,"minecraft:time_since_death":62379,"minecraft:time_since_rest":48422,"minecraft:sprint_one_cm":251580,"minecraft:damage_taken":1035,"minecraft:walk_one_cm":287169,"minecraft:drop":29,"minecraft:damage_dealt":9437,"minecraft:swim_one_cm":6088,"minecraft:talked_to_villager":326,"minecraft:fly_one_cm":455240,"minecraft:open_chest":107,"minecraft:crouch_one_cm":645,"minecraft:play_time":150218,"minecraft:deaths":1,"minecraft:sneak_time":729,"minecraft:walk_under_water_one_cm":5003,"minecraft:boat_one_cm":142103,"minecraft:jump":2007,"minecraft:interact_with_blast_furnace":2,"minecraft:walk_on_water_one_cm":16541,"minecraft:total_world_time":150218,"minecraft:horse_one_cm":136627,"minecraft:fall_one_cm":45890},"minecraft:dropped":{"minecraft:stone_axe":1,"minecraft:wheat_seeds":10,"minecraft:baked_potato":5,"minecraft:stone_sword":1,"minecraft:stone_shovel":1,"minecraft:rotten_flesh":10,"minecraft:saddle":1,"minecraft:white_bed":1,"minecraft:flint_and_steel":1,"minecraft:cobblestone_stairs":27,"minecraft:cobblestone_slab":19},"minecraft:killed":{"minecraft:spider":1,"minecraft:creeper":1,"minecraft:sheep":31,"minecraft:skeleton":4,"minecraft:zombie":3,"minecraft:cow":48},"minecraft:used":{"minecraft:diorite":6,"minecraft:baked_potato":23,"minecraft:oak_planks":1,"minecraft:composter":5,"minecraft:fletching_table":1,"minecraft:sugar_cane":22,"minecraft:iron_chestplate":1,"minecraft:torch":1,"minecraft:dirt":24,"minecraft:anvil":1,"minecraft:oak_slab":1,"minecraft:crafting_table":5,"minecraft:loom":1,"minecraft:white_bed":3,"minecraft:diamond_pickaxe":1,"minecraft:bookshelf":7,"minecraft:bread":2,"minecraft:iron_axe":271,"minecraft:iron_pickaxe":178,"minecraft:lectern":188,"minecraft:stone_axe":95,"minecraft:cobblestone":88,"minecraft:beef":7,"minecraft:oak_boat":1,"minecraft:egg":6,"minecraft:potato":27,"minecraft:bone_meal":3,"minecraft:iron_leggings":1},"minecraft:crafted":{"minecraft:red_dye":4,"minecraft:oak_slab":6,"minecraft:oak_planks":264,"minecraft:emerald":23,"minecraft:crafting_table":2,"minecraft:acacia_slab":12,"minecraft:birch_planks":4,"minecraft:loom":1,"minecraft:enchanted_book":1,"minecraft:bone_meal":6,"minecraft:bookshelf":12,"minecraft:bread":12,"minecraft:air":0,"minecraft:iron_chestplate":1,"minecraft:lectern":5,"minecraft:white_wool":3,"minecraft:book":11,"minecraft:paper":33,"minecraft:white_dye":3,"minecraft:iron_axe":2,"minecraft:stick":656,"minecraft:iron_pickaxe":1,"minecraft:iron_leggings":1,"minecraft:anvil":1,"minecraft:iron_block":3,"minecraft:white_bed":2,"minecraft:acacia_planks":60},"minecraft:broken":{"minecraft:iron_axe":1,"minecraft:stone_axe":1},"minecraft:mined":{"minecraft:oak_slab":1,"minecraft:acacia_leaves":1,"minecraft:white_bed":2,"minecraft:crafting_table":3,"minecraft:torch":1,"minecraft:acacia_log":15,"minecraft:grass_block":17,"minecraft:lectern":186,"minecraft:tall_grass":5,"minecraft:cobblestone":74,"minecraft:composter":6,"minecraft:sugar_cane":50,"minecraft:oak_planks":9,"minecraft:diorite":11,"minecraft:birch_log":1,"minecraft:carrots":2,"minecraft:fire":2,"minecraft:fletching_table":1,"minecraft:oak_log":41,"minecraft:grass":41,"minecraft:bookshelf":5,"minecraft:potatoes":27,"minecraft:dirt_path":6,"minecraft:loom":1,"minecraft:dirt":3,"minecraft:sand":2,"minecraft:stone":92,"minecraft:oak_leaves":1}},"DataVersion":2975}