{"stats":{"minecraft:picked_up":{"minecraft:crafting_table":3,"minecraft:wheat":1,"minecraft:leather":24,"minecraft:potato":34,"minecraft:oak_log":9,"minecraft:string":1,"minecraft:dirt":24,"minecraft:bone":7,"minecraft:wheat_seeds":15,"minecraft:beef":40,"minecraft:iron_ingot":6,"minecraft:oak_boat":1,"minecraft:rose_bush":3,"minecraft:light_gray_wool":1,"minecraft:fletching_table":1,"minecraft:lectern":62,"minecraft:sugar_cane":36,"minecraft:oak_planks":7,"minecraft:egg":1,"minecraft:book":36,"minecraft:stick":5,"minecraft:composter":2,"minecraft:torch":1,"minecraft:acacia_log":6,"minecraft:sand":2,"minecraft:diorite":10,"minecraft:carrot":2,"minecraft:arrow":3,"minecraft:rotten_flesh":3,"minecraft:gray_wool":1,"minecraft:baked_potato":28,"minecraft:black_wool":2,"minecraft:mutton":11,"minecraft:white_wool":3,"minecraft:cobblestone":157},"minecraft:custom":{"minecraft:mob_kills":35,"minecraft:interact_with_crafting_table":24,"minecraft:time_since_death":84218,"minecraft:time_since_rest":84218,"minecraft:sprint_one_cm":106668,"minecraft:damage_taken":614,"minecraft:walk_one_cm":172284,"minecraft:drop":17,"minecraft:damage_dealt":4164,"minecraft:swim_one_cm":1953,"minecraft:talked_to_villager":120,"minecraft:fly_one_cm":227760,"minecraft:open_chest":42,"minecraft:crouch_one_cm":293,"minecraft:play_time":84218,"minecraft:sneak_time":302,"minecraft:walk_under_water_one_cm":553,"minecraft:boat_one_cm":142103,"minecraft:jump":1077,"minecraft:walk_on_water_one_cm":10747,"minecraft:total_world_time":84218,"minecraft:fall_one_cm":23987},"minecraft:dropped":{"minecraft:wheat_seeds":10,"minecraft:baked_potato":5,"minecraft:rotten_flesh":2},"minecraft:killed":{"minecraft:spider":1,"minecraft:creeper":1,"minecraft:sheep":7,"minecraft:skeleton":4,"minecraft:zombie":3,"minecraft:cow":18},"minecraft:used":{"minecraft:diorite":4,"minecraft:baked_potato":14,"minecraft:composter":1,"minecraft:sugar_cane":22,"minecraft:torch":1,"minecraft:dirt":24,"minecraft:crafting_table":4,"minecraft:white_bed":1,"minecraft:bookshelf":7,"minecraft:iron_axe":119,"minecraft:iron_pickaxe":167,"minecraft:lectern":66,"minecraft:cobblestone":81,"minecraft:beef":5,"minecraft:oak_boat":1,"minecraft:egg":1,"minecraft:potato":9,"minecraft:bone_meal":3},"minecraft:crafted":{"minecraft:red_dye":4,"minecraft:oak_slab":6,"minecraft:oak_planks":8,"minecraft:crafting_table":1,"minecraft:acacia_slab":12,"minecraft:bone_meal":6,"minecraft:bookshelf":12,"minecraft:lectern":5,"minecraft:paper":3,"minecraft:white_dye":3,"minecraft:iron_axe":1,"minecraft:iron_pickaxe":1,"minecraft:white_bed":1,"minecraft:acacia_planks":24},"minecraft:mined":{"minecraft:crafting_table":3,"minecraft:torch":1,"minecraft:acacia_log":6,"minecraft:grass_block":17,"minecraft:lectern":62,"minecraft:tall_grass":5,"minecraft:cobblestone":70,"minecraft:composter":2,"minecraft:sugar_cane":24,"minecraft:oak_planks":8,"minecraft:diorite":8,"minecraft:carrots":2,"minecraft:fletching_table":1,"minecraft:grass":38,"minecraft:bookshelf":5,"minecraft:potatoes":9,"minecraft:dirt_path":6,"minecraft:dirt":3,"minecraft:sand":2,"minecraft:stone":89}},"DataVersion":2975}