{"stats":{"minecraft:picked_up":{"minecraft:crafting_table":1,"minecraft:wheat":1,"minecraft:leather":24,"minecraft:potato":34,"minecraft:oak_log":9,"minecraft:dirt":24,"minecraft:bone":3,"minecraft:wheat_seeds":15,"minecraft:beef":40,"minecraft:iron_ingot":6,"minecraft:oak_boat":1,"minecraft:rose_bush":3,"minecraft:light_gray_wool":1,"minecraft:fletching_table":1,"minecraft:lectern":45,"minecraft:sugar_cane":22,"minecraft:oak_planks":7,"minecraft:egg":1,"minecraft:book":27,"minecraft:stick":5,"minecraft:composter":1,"minecraft:torch":1,"minecraft:acacia_log":6,"minecraft:sand":2,"minecraft:diorite":10,"minecraft:carrot":2,"minecraft:rotten_flesh":2,"minecraft:gray_wool":1,"minecraft:baked_potato":28,"minecraft:black_wool":2,"minecraft:mutton":11,"minecraft:white_wool":3,"minecraft:cobblestone":86},"minecraft:custom":{"minecraft:mob_kills":30,"minecraft:interact_with_crafting_table":16,"minecraft:time_since_death":72218,"minecraft:time_since_rest":72218,"minecraft:sprint_one_cm":86283,"minecraft:damage_taken":299,"minecraft:walk_one_cm":119738,"minecraft:drop":17,"minecraft:damage_dealt":3204,"minecraft:swim_one_cm":873,"minecraft:talked_to_villager":80,"minecraft:fly_one_cm":195828,"minecraft:open_chest":36,"minecraft:crouch_one_cm":243,"minecraft:play_time":72218,"minecraft:sneak_time":263,"minecraft:walk_under_water_one_cm":237,"minecraft:boat_one_cm":142103,"minecraft:jump":948,"minecraft:walk_on_water_one_cm":10393,"minecraft:total_world_time":72218,"minecraft:fall_one_cm":23360},"minecraft:dropped":{"minecraft:wheat_seeds":10,"minecraft:baked_potato":5,"minecraft:rotten_flesh":2},"minecraft:killed":{"minecraft:creeper":1,"minecraft:sheep":7,"minecraft:skeleton":1,"minecraft:zombie":2,"minecraft:cow":18},"minecraft:used":{"minecraft:diorite":4,"minecraft:baked_potato":9,"minecraft:sugar_cane":22,"minecraft:dirt":24,"minecraft:crafting_table":1,"minecraft:white_bed":1,"minecraft:bookshelf":7,"minecraft:iron_axe":86,"minecraft:iron_pickaxe":94,"minecraft:lectern":47,"minecraft:cobblestone":72,"minecraft:beef":5,"minecraft:oak_boat":1,"minecraft:egg":1,"minecraft:potato":9,"minecraft:bone_meal":3},"minecraft:crafted":{"minecraft:red_dye":4,"minecraft:oak_slab":6,"minecraft:oak_planks":8,"minecraft:crafting_table":1,"minecraft:acacia_slab":6,"minecraft:bone_meal":6,"minecraft:bookshelf":9,"minecraft:lectern":2,"minecraft:white_dye":3,"minecraft:iron_axe":1,"minecraft:iron_pickaxe":1,"minecraft:white_bed":1,"minecraft:acacia_planks":24},"minecraft:mined":{"minecraft:crafting_table":1,"minecraft:torch":1,"minecraft:acacia_log":6,"minecraft:grass_block":17,"minecraft:lectern":45,"minecraft:tall_grass":5,"minecraft:cobblestone":52,"minecraft:composter":1,"minecraft:sugar_cane":10,"minecraft:oak_planks":8,"minecraft:diorite":8,"minecraft:carrots":2,"minecraft:fletching_table":1,"minecraft:grass":38,"minecraft:bookshelf":2,"minecraft:potatoes":9,"minecraft:dirt_path":6,"minecraft:dirt":3,"minecraft:sand":2,"minecraft:stone":34}},"DataVersion":2975}