{"stats":{"minecraft:killed_by":{"minecraft:enderman":1},"minecraft:picked_up":{"minecraft:crafting_table":3,"minecraft:wheat":1,"minecraft:leather":45,"minecraft:potato":133,"minecraft:oak_log":9,"minecraft:cobblestone_stairs":27,"minecraft:string":1,"minecraft:dirt":24,"minecraft:iron_axe":1,"minecraft:bone":14,"minecraft:wheat_seeds":15,"minecraft:red_dye":4,"minecraft:beef":74,"minecraft:iron_ingot":6,"minecraft:cobblestone_slab":19,"minecraft:oak_boat":1,"minecraft:rose_bush":4,"minecraft:iron_pickaxe":1,"minecraft:light_gray_wool":2,"minecraft:fletching_table":2,"minecraft:lectern":170,"minecraft:sugar_cane":55,"minecraft:oak_planks":7,"minecraft:egg":1,"minecraft:book":36,"minecraft:stick":8,"minecraft:composter":7,"minecraft:torch":1,"minecraft:acacia_log":6,"minecraft:poisonous_potato":1,"minecraft:white_dye":3,"minecraft:sand":4,"minecraft:white_bed":1,"minecraft:diorite":16,"minecraft:grass_block":1,"minecraft:loom":1,"minecraft:carrot":4,"minecraft:stone_sword":1,"minecraft:stone_shovel":1,"minecraft:arrow":9,"minecraft:rotten_flesh":9,"minecraft:stone_axe":2,"minecraft:gray_wool":1,"minecraft:baked_potato":35,"minecraft:black_wool":4,"minecraft:mutton":22,"minecraft:white_wool":3,"minecraft:cobblestone":238,"minecraft:ender_pearl":1},"minecraft:custom":{"minecraft:mob_kills":35,"minecraft:traded_with_villager":4,"minecraft:interact_with_crafting_table":35,"minecraft:interact_with_loom":1,"minecraft:sleep_in_bed":1,"minecraft:time_since_death":26379,"minecraft:time_since_rest":12422,"minecraft:sprint_one_cm":150370,"minecraft:damage_taken":949,"minecraft:walk_one_cm":225598,"minecraft:drop":24,"minecraft:damage_dealt":4482,"minecraft:swim_one_cm":2358,"minecraft:talked_to_villager":292,"minecraft:fly_one_cm":284030,"minecraft:open_chest":65,"minecraft:crouch_one_cm":319,"minecraft:play_time":114218,"minecraft:deaths":1,"minecraft:sneak_time":345,"minecraft:walk_under_water_one_cm":1809,"minecraft:boat_one_cm":142103,"minecraft:jump":1276,"minecraft:walk_on_water_one_cm":11993,"minecraft:total_world_time":114218,"minecraft:fall_one_cm":26141},"minecraft:dropped":{"minecraft:stone_axe":1,"minecraft:wheat_seeds":10,"minecraft:baked_potato":5,"minecraft:stone_sword":1,"minecraft:stone_shovel":1,"minecraft:rotten_flesh":8,"minecraft:cobblestone_stairs":27,"minecraft:cobblestone_slab":19},"minecraft:killed":{"minecraft:spider":1,"minecraft:creeper":1,"minecraft:sheep":7,"minecraft:skeleton":4,"minecraft:zombie":3,"minecraft:cow":18},"minecraft:used":{"minecraft:diorite":4,"minecraft:baked_potato":16,"minecraft:composter":5,"minecraft:sugar_cane":22,"minecraft:torch":1,"minecraft:dirt":24,"minecraft:crafting_table":4,"minecraft:loom":1,"minecraft:white_bed":3,"minecraft:bookshelf":7,"minecraft:bread":2,"minecraft:iron_axe":143,"minecraft:iron_pickaxe":173,"minecraft:lectern":174,"minecraft:stone_axe":95,"minecraft:cobblestone":88,"minecraft:beef":6,"minecraft:oak_boat":1,"minecraft:egg":1,"minecraft:potato":21,"minecraft:bone_meal":3},"minecraft:crafted":{"minecraft:red_dye":4,"minecraft:oak_slab":6,"minecraft:oak_planks":8,"minecraft:emerald":2,"minecraft:crafting_table":1,"minecraft:acacia_slab":12,"minecraft:loom":1,"minecraft:bone_meal":6,"minecraft:bookshelf":12,"minecraft:bread":12,"minecraft:lectern":5,"minecraft:white_wool":3,"minecraft:book":11,"minecraft:paper":33,"minecraft:white_dye":3,"minecraft:iron_axe":1,"minecraft:iron_pickaxe":1,"minecraft:white_bed":2,"minecraft:acacia_planks":24},"minecraft:broken":{"minecraft:stone_axe":1},"minecraft:mined":{"minecraft:white_bed":1,"minecraft:crafting_table":3,"minecraft:torch":1,"minecraft:acacia_log":6,"minecraft:grass_block":17,"minecraft:lectern":171,"minecraft:tall_grass":5,"minecraft:cobblestone":73,"minecraft:composter":6,"minecraft:sugar_cane":43,"minecraft:oak_planks":8,"minecraft:diorite":8,"minecraft:carrots":2,"minecraft:fire":2,"minecraft:fletching_table":1,"minecraft:grass":38,"minecraft:bookshelf":5,"minecraft:potatoes":21,"minecraft:dirt_path":6,"minecraft:loom":1,"minecraft:dirt":3,"minecraft:sand":2,"minecraft:stone":91}},"DataVersion":2975}